<keymap version="1" name="nxtcoder17" parent="Default for XWin">
  <action id="ActivateDebugToolWindow">
    <keyboard-shortcut first-keystroke="alt 5" />
    <keyboard-shortcut first-keystroke="alt back_quote" />
  </action>
  <action id="ActivateTerminalToolWindow" />
  <action id="ChangesView.SetDefault" />
  <action id="CodeCompletion">
    <keyboard-shortcut first-keystroke="shift ctrl space" />
  </action>
  <action id="CollapsiblePanel-toggle" />
  <action id="Console.TableResult.ColumnVisibility" />
  <action id="FileChooser.NewFolder">
    <keyboard-shortcut first-keystroke="alt insert" />
  </action>
  <action id="FileChooser.TogglePathBar" />
  <action id="GotoClass" />
  <action id="Images.Editor.ToggleGrid" />
  <action id="LeaderAction">
    <keyboard-shortcut first-keystroke="alt space" />
  </action>
  <action id="NewElementInMenuGroup">
    <keyboard-shortcut first-keystroke="alt n" />
  </action>
  <action id="ParameterInfo" />
  <action id="PopupMenu-selectNext">
    <keyboard-shortcut first-keystroke="down" />
    <keyboard-shortcut first-keystroke="ctrl n" />
  </action>
  <action id="QuickList.IDE actions">
    <keyboard-shortcut first-keystroke="ctrl quote" />
  </action>
  <action id="QuickList.editor">
    <keyboard-shortcut first-keystroke="alt e" />
  </action>
  <action id="QuickList.nxtcoder17">
    <keyboard-shortcut first-keystroke="ctrl semicolon" />
  </action>
  <action id="QuickPreview" />
  <action id="RunMenu">
    <keyboard-shortcut first-keystroke="f10" />
  </action>
  <action id="ShowRecentTests" />
  <action id="SmartTypeCompletion">
    <keyboard-shortcut first-keystroke="ctrl space" />
  </action>
  <action id="SplitChooser.SplitCenter" />
  <action id="Vcs.QuickListPopupAction" />
</keymap>