<code_scheme name="Default" version="173">
  <GoCodeStyleSettings>
    <option name="REMOVE_REDUNDANT_IMPORT_ALIASES" value="true" />
    <option name="ADD_LEADING_SPACE_TO_COMMENTS" value="true" />
    <option name="GROUP_STDLIB_IMPORTS" value="true" />
    <option name="LOCAL_PACKAGE_PREFIXES" />
  </GoCodeStyleSettings>
  <codeStyleSettings language="JavaScript">
    <indentOptions>
      <option name="INDENT_SIZE" value="2" />
      <option name="CONTINUATION_INDENT_SIZE" value="2" />
      <option name="TAB_SIZE" value="2" />
    </indentOptions>
  </codeStyleSettings>
  <codeStyleSettings language="go">
    <indentOptions>
      <option name="INDENT_SIZE" value="2" />
      <option name="CONTINUATION_INDENT_SIZE" value="2" />
      <option name="TAB_SIZE" value="2" />
    </indentOptions>
  </codeStyleSettings>
</code_scheme>