<application>
  <component name="AdvancedSettings">
    <option name="settings">
      <map>
        <entry key="bigger.font.in.project.view" value="true" />
        <entry key="confirm.rerun.with.termination" value="false" />
        <entry key="editor.distraction.free.margin" value="0" />
        <entry key="ide.settings.move.mouse.on.default.button" value="true" />
        <entry key="ide.show.fileType.icon.in.titleBar" value="true" />
        <entry key="markdown.hide.floating.toolbar" value="true" />
        <entry key="searcheverywhere.ml.sort.files" value="true" />
        <entry key="show.diff.as.editor.tab" value="false" />
      </map>
    </option>
  </component>
</application>