<application>
  <component name="CodeInsightSettings">
    <option name="AUTO_POPUP_JAVADOC_INFO" value="true" />
  </component>
  <component name="CodeVisionSettings">
    <option name="codeVisionGroupToPosition">
      <map>
        <entry key="inheritors" value="Default" />
        <entry key="problems" value="Default" />
        <entry key="references" value="Default" />
        <entry key="vcs.code.vision" value="Default" />
      </map>
    </option>
  </component>
  <component name="DaemonCodeAnalyzerSettings">
    <option name="SHOW_METHOD_SEPARATORS" value="true" />
  </component>
  <component name="EditorSettings">
    <option name="languageBreadcrumbsMap">
      <map>
        <entry key="CSS" value="true" />
        <entry key="FTL" value="true" />
        <entry key="Groovy" value="true" />
        <entry key="HCL" value="true" />
        <entry key="HTML" value="true" />
        <entry key="Haml" value="true" />
        <entry key="JAVA" value="false" />
        <entry key="JSON" value="true" />
        <entry key="JSP" value="true" />
        <entry key="JSPX" value="true" />
        <entry key="JavaScript" value="true" />
        <entry key="LESS" value="true" />
        <entry key="Markdown" value="false" />
        <entry key="SASS" value="true" />
        <entry key="SCSS" value="true" />
        <entry key="SQL" value="false" />
        <entry key="Stylus" value="true" />
        <entry key="TypeScript" value="true" />
        <entry key="VTL" value="true" />
        <entry key="XHTML" value="true" />
        <entry key="XML" value="true" />
        <entry key="go" value="true" />
        <entry key="kotlin" value="false" />
        <entry key="protobuf" value="true" />
        <entry key="yaml" value="true" />
      </map>
    </option>
    <option name="USE_SOFT_WRAPS" value="CONSOLE" />
    <option name="STRIP_TRAILING_SPACES" value="Whole" />
    <option name="IS_ENSURE_NEWLINE_AT_EOF" value="true" />
    <option name="SHOW_BREADCRUMBS" value="false" />
    <option name="SHOW_INTENTION_PREVIEW" value="true" />
    <option name="ADDITIONAL_PAGE_AT_BOTTOM" value="true" />
    <option name="IS_WHEEL_FONTCHANGE_ENABLED" value="true" />
  </component>
  <component name="InlayHintsSettings">
    <option name="lastViewedProviderKeyId" value="" />
  </component>
  <component name="TodoConfiguration">
    <pattern pattern="\btodo\b.*" />
    <pattern pattern="\bfixme\b.*" />
    <pattern useCustomColors="true" pattern="\bassert\b.*">
      <option name="BACKGROUND" value="1d2245" />
      <option name="FONT_TYPE" value="2" />
      <option name="ERROR_STRIPE_COLOR" value="977ab" />
    </pattern>
    <pattern useCustomColors="true" pattern="\bSTEP\b.*">
      <option name="FOREGROUND" value="9c917e" />
      <option name="BACKGROUND" value="14282c" />
    </pattern>
    <pattern icon="important" useCustomColors="true" pattern="\bHACK:\b">
      <option name="FOREGROUND" value="8ac0aa" />
      <option name="FONT_TYPE" value="2" />
      <option name="ERROR_STRIPE_COLOR" value="977ab" />
    </pattern>
    <pattern useCustomColors="true" case-sensitive="true" pattern="\bCHECK\b.*">
      <option name="FOREGROUND" value="4e6e95" />
      <option name="BACKGROUND" value="171252" />
      <option name="FONT_TYPE" value="1" />
    </pattern>
    <filter name="TODO">
      <pattern index="0" />
    </filter>
  </component>
  <component name="XmlEditorOptions">
    <option name="showCssInlineColorPreview" value="true" />
  </component>
</application>