<application>
  <component name="FeatureSuggesterSettings">
    <option name="workingDays">
      <list>
        <option value="1654741306136" />
        <option value="1654827331289" />
        <option value="1654891553938" />
        <option value="1655002587751" />
        <option value="1655104448559" />
        <option value="1655145002249" />
        <option value="1655241162146" />
        <option value="1655340270481" />
        <option value="1655404201196" />
        <option value="1655494952033" />
        <option value="1655596576566" />
        <option value="1655691335881" />
        <option value="1655775537970" />
        <option value="1655857272830" />
        <option value="1655940262707" />
        <option value="1656031082191" />
        <option value="1656123051354" />
        <option value="1656182067715" />
        <option value="1656296413799" />
        <option value="1656354783659" />
        <option value="1656454603072" />
        <option value="1656529273985" />
        <option value="1656643942833" />
        <option value="1656727404180" />
        <option value="1656786688735" />
        <option value="1656874103766" />
        <option value="1656977466220" />
        <option value="1657068050612" />
        <option value="1657132212643" />
        <option value="1657219592793" />
      </list>
    </option>
  </component>
</application>