<application>
  <component name="FeatureSuggesterSettings">
    <option name="workingDays">
      <list>
        <option value="1653347114091" />
        <option value="1653446685183" />
        <option value="1653523141215" />
        <option value="1653589812820" />
        <option value="1653701513885" />
        <option value="1653776626593" />
        <option value="1653850083876" />
        <option value="1653944301959" />
        <option value="1654043373536" />
        <option value="1654134832183" />
        <option value="1654223321244" />
        <option value="1654305594719" />
        <option value="1654367774469" />
        <option value="1654482763992" />
        <option value="1654540202406" />
        <option value="1654649656838" />
        <option value="1654741306136" />
        <option value="1654827331289" />
        <option value="1654891553938" />
        <option value="1655002587751" />
        <option value="1655104448559" />
        <option value="1655145002249" />
        <option value="1655241162146" />
        <option value="1655340270481" />
        <option value="1655404201196" />
        <option value="1655494952033" />
        <option value="1655596576566" />
        <option value="1655691335881" />
        <option value="1655775537970" />
        <option value="1655857272830" />
      </list>
    </option>
  </component>
</application>