<application>
  <component name="FileTypeManager" version="18">
    <extensionMap>
      <mapping pattern=".env.*" type="Env File" />
      <mapping pattern="env" type="Env File" />
      <mapping ext="env" type="Env File" />
      <mapping pattern="*.tpl.yml" type="Go Template" />
      <mapping pattern="ingress.tmpl.yml" type="Go Template" />
      <mapping pattern="ingress-lambda.tmpl.yml" type="Go Template" />
      <mapping ext="tpl" type="Go Template" />
      <mapping pattern="container.go.tpl" type="YAML" />
      <mapping pattern="k.tpl.yml" type="YAML" />
      <removed_mapping ext="apk" approved="true" type="ARCHIVE" />
      <removed_mapping ext="psd" approved="true" type="Image" />
      <removed_mapping ext="qrc" approved="true" type="XML" />
      <removed_mapping ext="yaml" approved="true" type="YAML" />
      <removed_mapping ext="yml" approved="true" type="YAML" />
      <removed_mapping pattern="Dockerfile" approved="true" type="AUTO_DETECTED" />
    </extensionMap>
  </component>
</application>