<application>
  <component name="GeneralSettings">
    <option name="autoSaveIfInactive" value="true" />
    <option name="inactiveTimeout" value="3" />
  </component>
  <component name="Registry">
    <entry key="caches.scanningThreadsCount" value="2" />
    <entry key="caches.indexerThreadsCount" value="2" />
    <entry key="shared.indexes.download.chunk.threads" value="2" />
    <entry key="ide.experimental.ui.editor.tabs" value="true" />
    <entry key="ide.experimental.ui.main.toolbar" value="true" />
    <entry key="ide.experimental.ui.vcs.branch.popup" value="true" />
    <entry key="docker.container.new.ui.log.is.first.tab" value="true" />
    <entry key="ide.tree.ui.cyclic.scrolling.allowed" value="true" />
    <entry key="ide.ui.new.file.chooser" value="true" />
    <entry key="ui.no.bangs.and.whistles" value="true" />
    <entry key="ide.experimental.ui.navbar.scroll" value="true" />
    <entry key="ift.experimental.lessons" value="true" />
    <entry key="markdown.experimental.frontmatter.support.enable" value="true" />
    <entry key="ide.editor.tabs.use.tabslayout" value="true" />
    <entry key="ide.new.editor.tabs.vertical.borders" value="true" />
    <entry key="ide.balloon.shadow.size" value="0" />
    <entry key="ide.experimental.ui" value="true" />
    <entry key="ui.simplified" value="true" />
    <entry key="ide.experimental.ui.tree.selection" value="true" />
    <entry key="ide.experimental.ui.animations" value="true" />
    <entry key="ide.find.use.editor.font" value="true" />
    <entry key="new.search.everywhere.use.editor.font" value="true" />
    <entry key="parameter.info.editor.font" value="true" />
    <entry key="bigger.font.in.project.view" value="false" />
  </component>
  <component name="StatusBar">
    <option name="widgets">
      <map>
        <entry key="CwmWireStatsWidgetFactory" value="false" />
        <entry key="Memory" value="true" />
        <entry key="ReadOnlyAttribute" value="false" />
        <entry key="settingsEntryPointWidget" value="false" />
      </map>
    </option>
  </component>
</application>
