<application>
  <component name="GeneralSettings">
    <option name="autoSaveIfInactive" value="true" />
    <option name="confirmOpenNewProject2" value="0" />
    <option name="inactiveTimeout" value="3" />
  </component>
  <component name="Registry">
    <entry key="ide.experimental.ui.editor.tabs" value="true" />
    <entry key="ide.experimental.ui.main.toolbar" value="true" />
    <entry key="ide.experimental.ui.vcs.branch.popup" value="true" />
    <entry key="docker.container.new.ui.log.is.first.tab" value="true" />
    <entry key="ide.tree.ui.cyclic.scrolling.allowed" value="true" />
    <entry key="ide.ui.new.file.chooser" value="true" />
    <entry key="ui.no.bangs.and.whistles" value="true" />
    <entry key="ift.experimental.lessons" value="true" />
    <entry key="markdown.experimental.frontmatter.support.enable" value="true" />
    <entry key="ide.editor.tabs.use.tabslayout" value="true" />
    <entry key="ide.new.editor.tabs.vertical.borders" value="true" />
    <entry key="ide.balloon.shadow.size" value="0" />
    <entry key="ide.find.use.editor.font" value="true" />
    <entry key="new.search.everywhere.use.editor.font" value="true" />
    <entry key="parameter.info.editor.font" value="true" />
    <entry key="allow.dialog.based.popups" value="true" />
    <entry key="ui.simplified" value="true" />
    <entry key="linux.native.menu.force.disable" value="true" />
    <entry key="popup.menu.roundBorder.enabled" value="true" />
    <entry key="ide.experimental.ui.title.toolbar.in.macos" value="false" />
    <entry key="navBar.show.icons" value="true" />
    <entry key="editor.scrolling.animation.interval.ms" value="0" />
    <entry key="idea.latching.scrolling.enabled" value="false" />
  </component>
  <component name="StatusBar">
    <option name="widgets">
      <map>
        <entry key="CwmWireStatsWidgetFactory" value="false" />
        <entry key="Memory" value="true" />
        <entry key="ReadOnlyAttribute" value="false" />
        <entry key="settingsEntryPointWidget" value="false" />
      </map>
    </option>
  </component>
</application>