<application>
  <component name="ProjectJdkTable">
    <jdk version="2">
      <name value="18" />
      <type value="JavaSDK" />
      <version value="version 18.0.1" />
      <homePath value="/usr/lib/jvm/java-18-openjdk" />
      <roots>
        <annotationsPath>
          <root type="composite">
            <root url="jar://$APPLICATION_HOME_DIR$/plugins/java/lib/resources/jdkAnnotations.jar!/" type="simple" />
          </root>
        </annotationsPath>
        <classPath>
          <root type="composite">
            <root url="jrt:///usr/lib/jvm/java-18-openjdk!/java.base" type="simple" />
            <root url="jrt:///usr/lib/jvm/java-18-openjdk!/java.compiler" type="simple" />
            <root url="jrt:///usr/lib/jvm/java-18-openjdk!/java.datatransfer" type="simple" />
            <root url="jrt:///usr/lib/jvm/java-18-openjdk!/java.desktop" type="simple" />
            <root url="jrt:///usr/lib/jvm/java-18-openjdk!/java.instrument" type="simple" />
            <root url="jrt:///usr/lib/jvm/java-18-openjdk!/java.logging" type="simple" />
            <root url="jrt:///usr/lib/jvm/java-18-openjdk!/java.management" type="simple" />
            <root url="jrt:///usr/lib/jvm/java-18-openjdk!/java.management.rmi" type="simple" />
            <root url="jrt:///usr/lib/jvm/java-18-openjdk!/java.naming" type="simple" />
            <root url="jrt:///usr/lib/jvm/java-18-openjdk!/java.net.http" type="simple" />
            <root url="jrt:///usr/lib/jvm/java-18-openjdk!/java.prefs" type="simple" />
            <root url="jrt:///usr/lib/jvm/java-18-openjdk!/java.rmi" type="simple" />
            <root url="jrt:///usr/lib/jvm/java-18-openjdk!/java.scripting" type="simple" />
            <root url="jrt:///usr/lib/jvm/java-18-openjdk!/java.se" type="simple" />
            <root url="jrt:///usr/lib/jvm/java-18-openjdk!/java.security.jgss" type="simple" />
            <root url="jrt:///usr/lib/jvm/java-18-openjdk!/java.security.sasl" type="simple" />
            <root url="jrt:///usr/lib/jvm/java-18-openjdk!/java.smartcardio" type="simple" />
            <root url="jrt:///usr/lib/jvm/java-18-openjdk!/java.sql" type="simple" />
            <root url="jrt:///usr/lib/jvm/java-18-openjdk!/java.sql.rowset" type="simple" />
            <root url="jrt:///usr/lib/jvm/java-18-openjdk!/java.transaction.xa" type="simple" />
            <root url="jrt:///usr/lib/jvm/java-18-openjdk!/java.xml" type="simple" />
            <root url="jrt:///usr/lib/jvm/java-18-openjdk!/java.xml.crypto" type="simple" />
            <root url="jrt:///usr/lib/jvm/java-18-openjdk!/jdk.accessibility" type="simple" />
            <root url="jrt:///usr/lib/jvm/java-18-openjdk!/jdk.attach" type="simple" />
            <root url="jrt:///usr/lib/jvm/java-18-openjdk!/jdk.charsets" type="simple" />
            <root url="jrt:///usr/lib/jvm/java-18-openjdk!/jdk.compiler" type="simple" />
            <root url="jrt:///usr/lib/jvm/java-18-openjdk!/jdk.crypto.cryptoki" type="simple" />
            <root url="jrt:///usr/lib/jvm/java-18-openjdk!/jdk.crypto.ec" type="simple" />
            <root url="jrt:///usr/lib/jvm/java-18-openjdk!/jdk.dynalink" type="simple" />
            <root url="jrt:///usr/lib/jvm/java-18-openjdk!/jdk.editpad" type="simple" />
            <root url="jrt:///usr/lib/jvm/java-18-openjdk!/jdk.hotspot.agent" type="simple" />
            <root url="jrt:///usr/lib/jvm/java-18-openjdk!/jdk.httpserver" type="simple" />
            <root url="jrt:///usr/lib/jvm/java-18-openjdk!/jdk.incubator.foreign" type="simple" />
            <root url="jrt:///usr/lib/jvm/java-18-openjdk!/jdk.incubator.vector" type="simple" />
            <root url="jrt:///usr/lib/jvm/java-18-openjdk!/jdk.internal.ed" type="simple" />
            <root url="jrt:///usr/lib/jvm/java-18-openjdk!/jdk.internal.jvmstat" type="simple" />
            <root url="jrt:///usr/lib/jvm/java-18-openjdk!/jdk.internal.le" type="simple" />
            <root url="jrt:///usr/lib/jvm/java-18-openjdk!/jdk.internal.opt" type="simple" />
            <root url="jrt:///usr/lib/jvm/java-18-openjdk!/jdk.internal.vm.ci" type="simple" />
            <root url="jrt:///usr/lib/jvm/java-18-openjdk!/jdk.internal.vm.compiler" type="simple" />
            <root url="jrt:///usr/lib/jvm/java-18-openjdk!/jdk.internal.vm.compiler.management" type="simple" />
            <root url="jrt:///usr/lib/jvm/java-18-openjdk!/jdk.jartool" type="simple" />
            <root url="jrt:///usr/lib/jvm/java-18-openjdk!/jdk.javadoc" type="simple" />
            <root url="jrt:///usr/lib/jvm/java-18-openjdk!/jdk.jcmd" type="simple" />
            <root url="jrt:///usr/lib/jvm/java-18-openjdk!/jdk.jconsole" type="simple" />
            <root url="jrt:///usr/lib/jvm/java-18-openjdk!/jdk.jdeps" type="simple" />
            <root url="jrt:///usr/lib/jvm/java-18-openjdk!/jdk.jdi" type="simple" />
            <root url="jrt:///usr/lib/jvm/java-18-openjdk!/jdk.jdwp.agent" type="simple" />
            <root url="jrt:///usr/lib/jvm/java-18-openjdk!/jdk.jfr" type="simple" />
            <root url="jrt:///usr/lib/jvm/java-18-openjdk!/jdk.jlink" type="simple" />
            <root url="jrt:///usr/lib/jvm/java-18-openjdk!/jdk.jpackage" type="simple" />
            <root url="jrt:///usr/lib/jvm/java-18-openjdk!/jdk.jshell" type="simple" />
            <root url="jrt:///usr/lib/jvm/java-18-openjdk!/jdk.jsobject" type="simple" />
            <root url="jrt:///usr/lib/jvm/java-18-openjdk!/jdk.jstatd" type="simple" />
            <root url="jrt:///usr/lib/jvm/java-18-openjdk!/jdk.localedata" type="simple" />
            <root url="jrt:///usr/lib/jvm/java-18-openjdk!/jdk.management" type="simple" />
            <root url="jrt:///usr/lib/jvm/java-18-openjdk!/jdk.management.agent" type="simple" />
            <root url="jrt:///usr/lib/jvm/java-18-openjdk!/jdk.management.jfr" type="simple" />
            <root url="jrt:///usr/lib/jvm/java-18-openjdk!/jdk.naming.dns" type="simple" />
            <root url="jrt:///usr/lib/jvm/java-18-openjdk!/jdk.naming.rmi" type="simple" />
            <root url="jrt:///usr/lib/jvm/java-18-openjdk!/jdk.net" type="simple" />
            <root url="jrt:///usr/lib/jvm/java-18-openjdk!/jdk.nio.mapmode" type="simple" />
            <root url="jrt:///usr/lib/jvm/java-18-openjdk!/jdk.random" type="simple" />
            <root url="jrt:///usr/lib/jvm/java-18-openjdk!/jdk.sctp" type="simple" />
            <root url="jrt:///usr/lib/jvm/java-18-openjdk!/jdk.security.auth" type="simple" />
            <root url="jrt:///usr/lib/jvm/java-18-openjdk!/jdk.security.jgss" type="simple" />
            <root url="jrt:///usr/lib/jvm/java-18-openjdk!/jdk.unsupported" type="simple" />
            <root url="jrt:///usr/lib/jvm/java-18-openjdk!/jdk.unsupported.desktop" type="simple" />
            <root url="jrt:///usr/lib/jvm/java-18-openjdk!/jdk.xml.dom" type="simple" />
            <root url="jrt:///usr/lib/jvm/java-18-openjdk!/jdk.zipfs" type="simple" />
          </root>
        </classPath>
        <javadocPath>
          <root type="composite" />
        </javadocPath>
        <sourcePath>
          <root type="composite" />
        </sourcePath>
      </roots>
      <additional />
    </jdk>
    <jdk version="2">
      <name value="Python 3.10" />
      <type value="Python SDK" />
      <version value="Python 3.10.4" />
      <homePath value="/usr/bin/python3.10" />
      <roots>
        <annotationsPath>
          <root type="composite" />
        </annotationsPath>
        <classPath>
          <root type="composite">
            <root url="file:///usr/lib/python3.10" type="simple" />
            <root url="file:///usr/lib/python3.10/lib-dynload" type="simple" />
            <root url="file://$USER_HOME$/.local/lib/python3.10/site-packages" type="simple" />
            <root url="file:///usr/lib/python3.10/site-packages" type="simple" />
            <root url="file://$USER_HOME$/.cache/JetBrains/IntelliJIdea2022.1/python_stubs/-32419096" type="simple" />
            <root url="file://$APPLICATION_PLUGINS_DIR$/python/helpers/python-skeletons" type="simple" />
            <root url="file://$APPLICATION_PLUGINS_DIR$/python/helpers/typeshed/stdlib" type="simple" />
            <root url="file://$APPLICATION_PLUGINS_DIR$/python/helpers/typeshed/stubs/six" type="simple" />
            <root url="file://$APPLICATION_PLUGINS_DIR$/python/helpers/typeshed/stubs/boto" type="simple" />
            <root url="file://$APPLICATION_PLUGINS_DIR$/python/helpers/typeshed/stubs/mock" type="simple" />
            <root url="file://$APPLICATION_PLUGINS_DIR$/python/helpers/typeshed/stubs/pytz" type="simple" />
            <root url="file://$APPLICATION_PLUGINS_DIR$/python/helpers/typeshed/stubs/toml" type="simple" />
            <root url="file://$APPLICATION_PLUGINS_DIR$/python/helpers/typeshed/stubs/annoy" type="simple" />
            <root url="file://$APPLICATION_PLUGINS_DIR$/python/helpers/typeshed/stubs/babel" type="simple" />
            <root url="file://$APPLICATION_PLUGINS_DIR$/python/helpers/typeshed/stubs/emoji" type="simple" />
            <root url="file://$APPLICATION_PLUGINS_DIR$/python/helpers/typeshed/stubs/first" type="simple" />
            <root url="file://$APPLICATION_PLUGINS_DIR$/python/helpers/typeshed/stubs/fpdf2" type="simple" />
            <root url="file://$APPLICATION_PLUGINS_DIR$/python/helpers/typeshed/stubs/ldap3" type="simple" />
            <root url="file://$APPLICATION_PLUGINS_DIR$/python/helpers/typeshed/stubs/polib" type="simple" />
            <root url="file://$APPLICATION_PLUGINS_DIR$/python/helpers/typeshed/stubs/redis" type="simple" />
            <root url="file://$APPLICATION_PLUGINS_DIR$/python/helpers/typeshed/stubs/regex" type="simple" />
            <root url="file://$APPLICATION_PLUGINS_DIR$/python/helpers/typeshed/stubs/retry" type="simple" />
            <root url="file://$APPLICATION_PLUGINS_DIR$/python/helpers/typeshed/stubs/ujson" type="simple" />
            <root url="file://$APPLICATION_PLUGINS_DIR$/python/helpers/typeshed/stubs/Pillow" type="simple" />
            <root url="file://$APPLICATION_PLUGINS_DIR$/python/helpers/typeshed/stubs/PyYAML" type="simple" />
            <root url="file://$APPLICATION_PLUGINS_DIR$/python/helpers/typeshed/stubs/bleach" type="simple" />
            <root url="file://$APPLICATION_PLUGINS_DIR$/python/helpers/typeshed/stubs/caldav" type="simple" />
            <root url="file://$APPLICATION_PLUGINS_DIR$/python/helpers/typeshed/stubs/docopt" type="simple" />
            <root url="file://$APPLICATION_PLUGINS_DIR$/python/helpers/typeshed/stubs/enum34" type="simple" />
            <root url="file://$APPLICATION_PLUGINS_DIR$/python/helpers/typeshed/stubs/hdbcli" type="simple" />
            <root url="file://$APPLICATION_PLUGINS_DIR$/python/helpers/typeshed/stubs/invoke" type="simple" />
            <root url="file://$APPLICATION_PLUGINS_DIR$/python/helpers/typeshed/stubs/orjson" type="simple" />
            <root url="file://$APPLICATION_PLUGINS_DIR$/python/helpers/typeshed/stubs/passpy" type="simple" />
            <root url="file://$APPLICATION_PLUGINS_DIR$/python/helpers/typeshed/stubs/psutil" type="simple" />
            <root url="file://$APPLICATION_PLUGINS_DIR$/python/helpers/typeshed/stubs/pycurl" type="simple" />
            <root url="file://$APPLICATION_PLUGINS_DIR$/python/helpers/typeshed/stubs/pysftp" type="simple" />
            <root url="file://$APPLICATION_PLUGINS_DIR$/python/helpers/typeshed/stubs/stripe" type="simple" />
            <root url="file://$APPLICATION_PLUGINS_DIR$/python/helpers/typeshed/stubs/xxhash" type="simple" />
            <root url="file://$APPLICATION_PLUGINS_DIR$/python/helpers/typeshed/stubs/PyMySQL" type="simple" />
            <root url="file://$APPLICATION_PLUGINS_DIR$/python/helpers/typeshed/stubs/appdirs" type="simple" />
            <root url="file://$APPLICATION_PLUGINS_DIR$/python/helpers/typeshed/stubs/certifi" type="simple" />
            <root url="file://$APPLICATION_PLUGINS_DIR$/python/helpers/typeshed/stubs/chardet" type="simple" />
            <root url="file://$APPLICATION_PLUGINS_DIR$/python/helpers/typeshed/stubs/chevron" type="simple" />
            <root url="file://$APPLICATION_PLUGINS_DIR$/python/helpers/typeshed/stubs/pyaudio" type="simple" />
            <root url="file://$APPLICATION_PLUGINS_DIR$/python/helpers/typeshed/stubs/pyvmomi" type="simple" />
            <root url="file://$APPLICATION_PLUGINS_DIR$/python/helpers/typeshed/stubs/slumber" type="simple" />
            <root url="file://$APPLICATION_PLUGINS_DIR$/python/helpers/typeshed/stubs/tzlocal" type="simple" />
            <root url="file://$APPLICATION_PLUGINS_DIR$/python/helpers/typeshed/stubs/urllib3" type="simple" />
            <root url="file://$APPLICATION_PLUGINS_DIR$/python/helpers/typeshed/stubs/vobject" type="simple" />
            <root url="file://$APPLICATION_PLUGINS_DIR$/python/helpers/typeshed/stubs/Markdown" type="simple" />
            <root url="file://$APPLICATION_PLUGINS_DIR$/python/helpers/typeshed/stubs/Pygments" type="simple" />
            <root url="file://$APPLICATION_PLUGINS_DIR$/python/helpers/typeshed/stubs/aiofiles" type="simple" />
            <root url="file://$APPLICATION_PLUGINS_DIR$/python/helpers/typeshed/stubs/colorama" type="simple" />
            <root url="file://$APPLICATION_PLUGINS_DIR$/python/helpers/typeshed/stubs/croniter" type="simple" />
            <root url="file://$APPLICATION_PLUGINS_DIR$/python/helpers/typeshed/stubs/docutils" type="simple" />
            <root url="file://$APPLICATION_PLUGINS_DIR$/python/helpers/typeshed/stubs/filelock" type="simple" />
            <root url="file://$APPLICATION_PLUGINS_DIR$/python/helpers/typeshed/stubs/html5lib" type="simple" />
            <root url="file://$APPLICATION_PLUGINS_DIR$/python/helpers/typeshed/stubs/httplib2" type="simple" />
            <root url="file://$APPLICATION_PLUGINS_DIR$/python/helpers/typeshed/stubs/jmespath" type="simple" />
            <root url="file://$APPLICATION_PLUGINS_DIR$/python/helpers/typeshed/stubs/oauthlib" type="simple" />
            <root url="file://$APPLICATION_PLUGINS_DIR$/python/helpers/typeshed/stubs/paramiko" type="simple" />
            <root url="file://$APPLICATION_PLUGINS_DIR$/python/helpers/typeshed/stubs/psycopg2" type="simple" />
            <root url="file://$APPLICATION_PLUGINS_DIR$/python/helpers/typeshed/stubs/pyflakes" type="simple" />
            <root url="file://$APPLICATION_PLUGINS_DIR$/python/helpers/typeshed/stubs/requests" type="simple" />
            <root url="file://$APPLICATION_PLUGINS_DIR$/python/helpers/typeshed/stubs/selenium" type="simple" />
            <root url="file://$APPLICATION_PLUGINS_DIR$/python/helpers/typeshed/stubs/tabulate" type="simple" />
            <root url="file://$APPLICATION_PLUGINS_DIR$/python/helpers/typeshed/stubs/toposort" type="simple" />
            <root url="file://$APPLICATION_PLUGINS_DIR$/python/helpers/typeshed/stubs/waitress" type="simple" />
            <root url="file://$APPLICATION_PLUGINS_DIR$/python/helpers/typeshed/stubs/braintree" type="simple" />
            <root url="file://$APPLICATION_PLUGINS_DIR$/python/helpers/typeshed/stubs/decorator" type="simple" />
            <root url="file://$APPLICATION_PLUGINS_DIR$/python/helpers/typeshed/stubs/freezegun" type="simple" />
            <root url="file://$APPLICATION_PLUGINS_DIR$/python/helpers/typeshed/stubs/ipaddress" type="simple" />
            <root url="file://$APPLICATION_PLUGINS_DIR$/python/helpers/typeshed/stubs/playsound" type="simple" />
            <root url="file://$APPLICATION_PLUGINS_DIR$/python/helpers/typeshed/stubs/pyOpenSSL" type="simple" />
            <root url="file://$APPLICATION_PLUGINS_DIR$/python/helpers/typeshed/stubs/pyRFC3339" type="simple" />
            <root url="file://$APPLICATION_PLUGINS_DIR$/python/helpers/typeshed/stubs/termcolor" type="simple" />
            <root url="file://$APPLICATION_PLUGINS_DIR$/python/helpers/typeshed/stubs/ttkthemes" type="simple" />
            <root url="file://$APPLICATION_PLUGINS_DIR$/python/helpers/typeshed/stubs/typed-ast" type="simple" />
            <root url="file://$APPLICATION_PLUGINS_DIR$/python/helpers/typeshed/stubs/Deprecated" type="simple" />
            <root url="file://$APPLICATION_PLUGINS_DIR$/python/helpers/typeshed/stubs/Flask-Cors" type="simple" />
            <root url="file://$APPLICATION_PLUGINS_DIR$/python/helpers/typeshed/stubs/SQLAlchemy" type="simple" />
            <root url="file://$APPLICATION_PLUGINS_DIR$/python/helpers/typeshed/stubs/Send2Trash" type="simple" />
            <root url="file://$APPLICATION_PLUGINS_DIR$/python/helpers/typeshed/stubs/cachetools" type="simple" />
            <root url="file://$APPLICATION_PLUGINS_DIR$/python/helpers/typeshed/stubs/commonmark" type="simple" />
            <root url="file://$APPLICATION_PLUGINS_DIR$/python/helpers/typeshed/stubs/dateparser" type="simple" />
            <root url="file://$APPLICATION_PLUGINS_DIR$/python/helpers/typeshed/stubs/frozendict" type="simple" />
            <root url="file://$APPLICATION_PLUGINS_DIR$/python/helpers/typeshed/stubs/jsonschema" type="simple" />
            <root url="file://$APPLICATION_PLUGINS_DIR$/python/helpers/typeshed/stubs/pyfarmhash" type="simple" />
            <root url="file://$APPLICATION_PLUGINS_DIR$/python/helpers/typeshed/stubs/setuptools" type="simple" />
            <root url="file://$APPLICATION_PLUGINS_DIR$/python/helpers/typeshed/stubs/simplejson" type="simple" />
            <root url="file://$APPLICATION_PLUGINS_DIR$/python/helpers/typeshed/stubs/JACK-Client" type="simple" />
            <root url="file://$APPLICATION_PLUGINS_DIR$/python/helpers/typeshed/stubs/contextvars" type="simple" />
            <root url="file://$APPLICATION_PLUGINS_DIR$/python/helpers/typeshed/stubs/dataclasses" type="simple" />
            <root url="file://$APPLICATION_PLUGINS_DIR$/python/helpers/typeshed/stubs/entrypoints" type="simple" />
            <root url="file://$APPLICATION_PLUGINS_DIR$/python/helpers/typeshed/stubs/flake8-2020" type="simple" />
            <root url="file://$APPLICATION_PLUGINS_DIR$/python/helpers/typeshed/stubs/mysqlclient" type="simple" />
            <root url="file://$APPLICATION_PLUGINS_DIR$/python/helpers/typeshed/stubs/opentracing" type="simple" />
            <root url="file://$APPLICATION_PLUGINS_DIR$/python/helpers/typeshed/stubs/pep8-naming" type="simple" />
            <root url="file://$APPLICATION_PLUGINS_DIR$/python/helpers/typeshed/stubs/prettytable" type="simple" />
            <root url="file://$APPLICATION_PLUGINS_DIR$/python/helpers/typeshed/stubs/python-nmap" type="simple" />
            <root url="file://$APPLICATION_PLUGINS_DIR$/python/helpers/typeshed/stubs/atomicwrites" type="simple" />
            <root url="file://$APPLICATION_PLUGINS_DIR$/python/helpers/typeshed/stubs/aws-xray-sdk" type="simple" />
            <root url="file://$APPLICATION_PLUGINS_DIR$/python/helpers/typeshed/stubs/cryptography" type="simple" />
            <root url="file://$APPLICATION_PLUGINS_DIR$/python/helpers/typeshed/stubs/editdistance" type="simple" />
            <root url="file://$APPLICATION_PLUGINS_DIR$/python/helpers/typeshed/stubs/DateTimeRange" type="simple" />
            <root url="file://$APPLICATION_PLUGINS_DIR$/python/helpers/typeshed/stubs/backports_abc" type="simple" />
            <root url="file://$APPLICATION_PLUGINS_DIR$/python/helpers/typeshed/stubs/click-spinner" type="simple" />
            <root url="file://$APPLICATION_PLUGINS_DIR$/python/helpers/typeshed/stubs/humanfriendly" type="simple" />
            <root url="file://$APPLICATION_PLUGINS_DIR$/python/helpers/typeshed/stubs/python-gflags" type="simple" />
            <root url="file://$APPLICATION_PLUGINS_DIR$/python/helpers/typeshed/stubs/beautifulsoup4" type="simple" />
            <root url="file://$APPLICATION_PLUGINS_DIR$/python/helpers/typeshed/stubs/characteristic" type="simple" />
            <root url="file://$APPLICATION_PLUGINS_DIR$/python/helpers/typeshed/stubs/flake8-bugbear" type="simple" />
            <root url="file://$APPLICATION_PLUGINS_DIR$/python/helpers/typeshed/stubs/python-slugify" type="simple" />
            <root url="file://$APPLICATION_PLUGINS_DIR$/python/helpers/typeshed/stubs/singledispatch" type="simple" />
            <root url="file://$APPLICATION_PLUGINS_DIR$/python/helpers/typeshed/stubs/flake8-builtins" type="simple" />
            <root url="file://$APPLICATION_PLUGINS_DIR$/python/helpers/typeshed/stubs/flake8-simplify" type="simple" />
            <root url="file://$APPLICATION_PLUGINS_DIR$/python/helpers/typeshed/stubs/mypy-extensions" type="simple" />
            <root url="file://$APPLICATION_PLUGINS_DIR$/python/helpers/typeshed/stubs/python-dateutil" type="simple" />
            <root url="file://$APPLICATION_PLUGINS_DIR$/python/helpers/typeshed/stubs/Flask-SQLAlchemy" type="simple" />
            <root url="file://$APPLICATION_PLUGINS_DIR$/python/helpers/typeshed/stubs/flake8-docstrings" type="simple" />
            <root url="file://$APPLICATION_PLUGINS_DIR$/python/helpers/typeshed/stubs/flake8-plugin-utils" type="simple" />
            <root url="file://$APPLICATION_PLUGINS_DIR$/python/helpers/typeshed/stubs/pytest-lazy-fixture" type="simple" />
            <root url="file://$APPLICATION_PLUGINS_DIR$/python/helpers/typeshed/stubs/flake8-rst-docstrings" type="simple" />
            <root url="file://$APPLICATION_PLUGINS_DIR$/python/helpers/typeshed/stubs/flake8-typing-imports" type="simple" />
            <root url="file://$APPLICATION_PLUGINS_DIR$/python/helpers/typeshed/stubs/backports.ssl_match_hostname" type="simple" />
          </root>
        </classPath>
        <javadocPath>
          <root type="composite" />
        </javadocPath>
        <sourcePath>
          <root type="composite" />
        </sourcePath>
      </roots>
      <additional />
    </jdk>
  </component>
</application>