<application>
  <component name="NodeJsLocalInterpreterManager">
    <local-interpreter path="/usr/bin/node">
      <version-cache version="16.16.0" last-modified="1657282189000" />
    </local-interpreter>
    <local-interpreter path="$USER_HOME$/.nvm/versions/node/v14.17.3/bin/node">
      <version-cache last-modified="0" />
    </local-interpreter>
    <local-interpreter path="$USER_HOME$/.nvm/versions/node/v12.22.10/bin/node">
      <version-cache last-modified="0" />
    </local-interpreter>
  </component>
</application>