<application>
  <component name="DynamicPluginEnabler">
    <trackers>
      <map>
        <entry key="28QzOE2ci6ZhrPl5ERF5AB5CzTt">
          <value>
            <ProjectPluginTracker />
          </value>
        </entry>
        <entry key="28SKaZpc3uQdj2Sf2y9iudIq5xx">
          <value>
            <ProjectPluginTracker />
          </value>
        </entry>
        <entry key="2Ah6BfyXNWr7ZEaw2fsdhJzx2eI">
          <value>
            <ProjectPluginTracker />
          </value>
        </entry>
        <entry key="2AmRhy3h5r1AwSTs26mRSidg7C4">
          <value>
            <ProjectPluginTracker />
          </value>
        </entry>
        <entry key="2AmSQx4JxpZ4wO3RJnjNukj05DE">
          <value>
            <ProjectPluginTracker />
          </value>
        </entry>
        <entry key="2Amag1WllnIuaNuZM5A5WwPuJv2">
          <value>
            <ProjectPluginTracker />
          </value>
        </entry>
        <entry key="2BEQ0qsqIUQs8ix51uOarMOlKPy">
          <value>
            <ProjectPluginTracker />
          </value>
        </entry>
        <entry key="2BHrBH4vunVKCfjbn5bUb5MtVb3">
          <value>
            <ProjectPluginTracker />
          </value>
        </entry>
        <entry key="2BQfXnDzfZsyOb2fV2mOs87WFgP">
          <value>
            <ProjectPluginTracker />
          </value>
        </entry>
        <entry key="2BSrnYM9ut1Atpb8syBNCcY71Jc">
          <value>
            <ProjectPluginTracker />
          </value>
        </entry>
        <entry key="2BSsMNfaP0HDa4N61lXdges8d06">
          <value>
            <ProjectPluginTracker />
          </value>
        </entry>
        <entry key="2BV49iboQSSDzEwLjvOv6cVgl48">
          <value>
            <ProjectPluginTracker />
          </value>
        </entry>
        <entry key="2BYFj8dtchLZtau05e3LZ2iaMZk">
          <value>
            <ProjectPluginTracker />
          </value>
        </entry>
      </map>
    </trackers>
  </component>
  <component name="LangManager">
    <option name="languageName" value="go" />
  </component>
  <component name="NotRoamableUiSettings">
    <option name="fontFace" value="Recursive Mn Csl St" />
  </component>
  <component name="PropertyService"><![CDATA[{
  "keyToString": {
    "AFTER.DISTRACTION.MODE.ARE_GUTTER_ICONS_SHOWN": "false",
    "AFTER.DISTRACTION.MODE.ARE_LINE_NUMBERS_SHOWN": "false",
    "AFTER.DISTRACTION.MODE.EDITOR_TAB_PLACEMENT": "0",
    "AFTER.DISTRACTION.MODE.HIDE_TOOL_STRIPES": "true",
    "AFTER.DISTRACTION.MODE.IS_FOLDING_OUTLINE_SHOWN": "false",
    "AFTER.DISTRACTION.MODE.IS_INDENT_GUIDES_SHOWN": "false",
    "AFTER.DISTRACTION.MODE.IS_RIGHT_MARGIN_SHOWN": "false",
    "AFTER.DISTRACTION.MODE.IS_WHITESPACES_SHOWN": "false",
    "AFTER.DISTRACTION.MODE.SHOW_BREADCRUMBS": "false",
    "AFTER.DISTRACTION.MODE.SHOW_MAIN_TOOLBAR": "false",
    "AFTER.DISTRACTION.MODE.SHOW_METHOD_SEPARATORS": "false",
    "AFTER.DISTRACTION.MODE.SHOW_NAVIGATION_BAR": "false",
    "AFTER.DISTRACTION.MODE.SHOW_NEW_MAIN_TOOLBAR": "false",
    "AFTER.DISTRACTION.MODE.SHOW_STATUS_BAR": "false",
    "BEFORE.DISTRACTION.MODE.ARE_GUTTER_ICONS_SHOWN": "true",
    "BEFORE.DISTRACTION.MODE.ARE_LINE_NUMBERS_SHOWN": "true",
    "BEFORE.DISTRACTION.MODE.EDITOR_TAB_PLACEMENT": "1",
    "BEFORE.DISTRACTION.MODE.HIDE_TOOL_STRIPES": "false",
    "BEFORE.DISTRACTION.MODE.IS_FOLDING_OUTLINE_SHOWN": "true",
    "BEFORE.DISTRACTION.MODE.IS_INDENT_GUIDES_SHOWN": "true",
    "BEFORE.DISTRACTION.MODE.IS_RIGHT_MARGIN_SHOWN": "true",
    "BEFORE.DISTRACTION.MODE.IS_WHITESPACES_SHOWN": "false",
    "BEFORE.DISTRACTION.MODE.SHOW_BREADCRUMBS": "false",
    "BEFORE.DISTRACTION.MODE.SHOW_MAIN_TOOLBAR": "false",
    "BEFORE.DISTRACTION.MODE.SHOW_METHOD_SEPARATORS": "false",
    "BEFORE.DISTRACTION.MODE.SHOW_NAVIGATION_BAR": "true",
    "BEFORE.DISTRACTION.MODE.SHOW_NEW_MAIN_TOOLBAR": "false",
    "BEFORE.DISTRACTION.MODE.SHOW_STATUS_BAR": "true",
    "CWM_LOGGING_VERSION": "1",
    "ColorChooser.RecentColors": "60-138-133-255,,,60-73-156-255,,,156-145-126-255",
    "EXPORTABILITY_SORTER.file.structure.state": "true",
    "ExpandBeforeRunStepsPanel": "true",
    "FileTemplates.SelectedTemplate": "HTML File",
    "GO_TAG_FIELD_NAME_STYLE": "camel",
    "IdeErrorsDialog.LAST_OK_ACTION": "REPORT_ALL",
    "InstalledPluginsSearchHistory": "live templates\nlive templ\nlive te\nlive\nliv",
    "KEYMAP": "completion\ntype completion\nquicklist\nresize",
    "KEYMAP_IN_QUICK_LISTS": "collapse all\nstructure\nimport modu\nfile\nsettings",
    "MarketplacePluginsSearchHistory": "android\ncopilot\nco\nc\nwishper",
    "MemberChooser.showClasses": "true",
    "NewProjectWizard.addSampleCodeState": "false",
    "PROJECT_CLASS_LOADING_KEY": "true",
    "RegistryRecentKeys": "debugger.new.tool.window.layout=debugger.new.tool.window.layout.toolbar=ide.experimental.ui.animations=ide.experimental.ui.tree.selection=ui.simplified=debugger.emulate.method.breakpoints=debugger.default.selected.view.key=ide.experimental.ui=ift.experimental.lessons=ide.new.editor.tabs.vertical.borders=ide.editor.tabs.use.tabslayout=ide.text.editor.with.preview.show.floating.toolbar=ide.experimental.ui.title.toolbar.in.macos=documentation.show.toolbar=ide.experimental.ui.inter.font=ide.experimental.ui.navbar.scroll",
    "RunOnceActivity.JDK_CLASS_LOADING": "true",
    "RunOnceActivity.go.enabled.exportability.sorter": "true",
    "RunOnceActivity.go.libraries.notification.had.been.shown": "true",
    "RunOnceActivity.se.text.search": "true",
    "SHELLCHECK.PATH": "/home/nxtcoder17/.local/share/JetBrains/IntelliJIdea2022.1/Shell Script/shellcheck",
    "SettingsSearchHistory": "tabs\ngo\ngoroot\ngopath\nhints",
    "XDebuggerExpressionEditor_Use_Soft_Wraps": "true",
    "appcds.runOnSecondStart": "IU-221.5921.22-050e99ba2aa1d5a482c5d06a0863d6b1122b75cd27b6f38eb21869333651ec2a",
    "bidi.content.notification.disable": "true",
    "bundled.plugins.list.saved.version": "IU-222.3048.13",
    "com.intellij.ide.projectWizard.generators.JavaNewProjectWizard$Step.selectedStep": "IntelliJ",
    "com.intellij.ide.wizard.NewProjectWizardLanguageStep.selectedStep": "Go",
    "com.intellij.kubernetes.view.ui.settings.KubernetesPodShellSettingsPanel.shellCommand": "",
    "com.intellij.openapi.roots.ui.configuration.TabbedModuleEditor.selectedEditor": "Sources",
    "create.project.preferred.importer": "Existing sources",
    "debugger.speed.search.tree.option.hint.counter": "1",
    "defaultJdkConfigured": "true",
    "eclipse.projects.detected": "",
    "evlsprt.221": "181c02d4040",
    "evlsprt3.221": "24",
    "evlsprt3.IU-222.3048.13": "24",
    "exception.accepted.notices": "182193a2",
    "file.gist.reindex.count": "271",
    "fileTypeChangedCounter": "34",
    "fontSizeToResetConsole": "16.0",
    "fontSizeToResetEditor": "16.0",
    "golangci-lint": "/home/nxtcoder17/.local/share/go/bin/golangci-lint",
    "got.it.tooltip.cwm.invitation.notification": "1",
    "got.it.tooltip.reader.mode.got.it": "1",
    "gotit.previous.run": "IU-221.5921.22",
    "ide.memory.adjusted": "true",
    "ide.updates.whats.new.shown.for": "221",
    "idea.background.editor": "/home/nxtcoder17/Downloads/dark-6k-3840×2160.jpg,11,scale,center",
    "ideavim.statistics.timestamp": "1657256701781",
    "ift.learning.panel.opened.in": "221.5787.30",
    "ignore.vm.options.env.vars": "true",
    "input.method.disabler.muted": "true",
    "installed.kotlin.plugin.version": "221-1.6.21-release-337-IJ5921.22",
    "jdk.selected.JAVA_MODULE": "18",
    "last.imported.location": "/home/nxtcoder17/workspace/nxtcoder17/proxying/tcp-proxy",
    "last_opened_file_path": "/home/nxtcoder17/workspace/nxtcoder17/themes",
    "org.intellij.images.editor.actions.BackgroundImageDialog#recent": "/home/nxtcoder17/Downloads/dark-6k-3840×2160.jpg",
    "org.jetbrains.plugins.go.LAST_UPDATE": "1657253107925",
    "org.jetbrains.plugins.go.LAST_VERSION": "221.5921.16",
    "previousColorScheme": "_@user_Dark",
    "project.wizard.group": "newWizard.com.intellij.ide.wizard.NewProjectBuilder",
    "registry.to.advanced.settings.migration.build": "IU-221.5921.22",
    "run.configuration.delete.ad": "true",
    "run.configuration.edit.ad": "true",
    "selected.color.option.type": "QUTE_BACKGROUND",
    "settings.code.style.selected.tab.CPT": "Spaces",
    "settings.code.style.selected.tab.go": "Imports",
    "stats.collector.latest.sending.timestamp": "1655550603283",
    "stats.collector.today.sent.data.size": "1794",
    "tasks.pass.word.conversion.enforced": "true",
    "ts.lib.d.ts.version": "4.6.3"
  },
  "keyToStringList": {
    "file.chooser.recent.files": [
      "/home/nxtcoder17/workspace/madhouselabs/hotspot/operator/.GO",
      "/home/nxtcoder17/workspace/madhouselabs/hotspot/operator/.secrets/env",
      "/home/nxtcoder17/workspace/nxtcoder17/proxying/tcp-proxy",
      "/home/nxtcoder17/workspace/madhouselabs/hotspot/api-go/.GOPATH",
      "/home/nxtcoder17/workspace/nxtcoder17/themes",
      "/home/nxtcoder17/Downloads/dark-6k-3840×2160.jpg",
      "/home/nxtcoder17/workspace/nxtcoder17/tcp-proxy/server",
      "/home/nxtcoder17/workspace/madhouselabs/hotspot/operator/.GOPATH",
      "/home/nxtcoder17/workspace/madhouselabs/hotspot/operator",
      "/home/nxtcoder17/workspace/nxtcoder17/tunnel-rathole",
      "/home/nxtcoder17/workspace/nxtcoder17/dns",
      "/home/nxtcoder17/workspace/madhouselabs/hotspot/api-go/apps/finance/.secrets/env",
      "/home/nxtcoder17/workspace/madhouselabs/hotspot/api-go/pkg",
      "/home/nxtcoder17/me/jeera-rice/apps/idea/settings.zip"
    ],
    "fileTypeDetectors": [
      "com.intellij.ide.scratch.ScratchFileServiceImpl$Detector",
      "com.intellij.profiler.ultimate.hprof.impl.HprofFileTypeDetector",
      "com.intellij.docker.dockerFile.DockerFileTypeDetector",
      "com.intellij.javascript.debugger.sourcemap.SourceMapFileType$MyFileTypeDetector",
      "com.intellij.database.vfs.DbStorageFileType$Detector",
      "com.jetbrains.nodejs.util.NodeFileTypeDetector$JavaScriptFileTypeDetector",
      "com.jetbrains.nodejs.util.NodeFileTypeDetector$TypeScriptFileTypeDetector",
      "com.android.tools.idea.sqlite.fileType.SqliteFileTypeDetector",
      "com.android.tools.idea.profilers.capture.MemoryCaptureFileType$Detector",
      "org.jetbrains.plugins.textmate.TextMateFileType$TextMateFileDetector"
    ],
    "go-enabled-linters": [
      "ineffassign",
      "deadcode",
      "staticcheck",
      "govet",
      "varcheck",
      "structcheck",
      "typecheck",
      "errcheck",
      "unused",
      "gosimple"
    ]
  }
}]]></component>
  <component name="TabdirConfiguration">
    <option name="charsInName" value="5" />
    <option name="countMaxDirsFromStart" value="true" />
    <option name="dirSeparator" value="|" />
    <option name="filesExtensions" value="" />
    <option name="maxDirsToShow" value="3" />
    <option name="projectConfigEnabled" value="false" />
    <option name="reduceDirNames" value="true" />
    <option name="relativeTo" />
    <option name="removeDuplicates" value="false" />
    <option name="titleFormat" value="[{0}] {1}" />
    <option name="useExtensions" value="Do not use" />
  </component>
  <component name="TerminalCommandHistoryManager">
    <command-history-files>
      <command-history-file filename="ak-history" project-path="$USER_HOME$/workspace/nxtcoder17/ak" last-access-time="1656843393171" />
      <command-history-file filename="tcp-proxy-history" project-path="$USER_HOME$/workspace/nxtcoder17/tcp-proxy" last-access-time="1656655472330" />
      <command-history-file filename="go-errors-history" project-path="$USER_HOME$/workspace/nxtcoder17/go-errors" last-access-time="1655614651715" />
      <command-history-file filename="api-go-history" project-path="$USER_HOME$/workspace/madhouselabs/hotspot/api-go" last-access-time="1657111362751" />
      <command-history-file filename="tunneling-history1" project-path="$USER_HOME$/workspace/nxtcoder17/tunneling" last-access-time="1656541724534" />
    </command-history-files>
  </component>
</application>