<application>
  <component name="DynamicPluginEnabler">
    <trackers>
      <map>
        <entry key="28QzOE2ci6ZhrPl5ERF5AB5CzTt">
          <value>
            <ProjectPluginTracker />
          </value>
        </entry>
        <entry key="28SKaZpc3uQdj2Sf2y9iudIq5xx">
          <value>
            <ProjectPluginTracker />
          </value>
        </entry>
        <entry key="2Ah6BfyXNWr7ZEaw2fsdhJzx2eI">
          <value>
            <ProjectPluginTracker />
          </value>
        </entry>
        <entry key="2AmRhy3h5r1AwSTs26mRSidg7C4">
          <value>
            <ProjectPluginTracker />
          </value>
        </entry>
        <entry key="2AmSQx4JxpZ4wO3RJnjNukj05DE">
          <value>
            <ProjectPluginTracker />
          </value>
        </entry>
        <entry key="2Amag1WllnIuaNuZM5A5WwPuJv2">
          <value>
            <ProjectPluginTracker />
          </value>
        </entry>
      </map>
    </trackers>
  </component>
  <component name="LangManager">
    <option name="languageName" value="go" />
  </component>
  <component name="NotRoamableUiSettings">
    <option name="fontFace" value="Recursive Mn Csl St" />
  </component>
  <component name="PropertyService"><![CDATA[{
  "keyToString": {
    "AFTER.DISTRACTION.MODE.ARE_GUTTER_ICONS_SHOWN": "false",
    "AFTER.DISTRACTION.MODE.ARE_LINE_NUMBERS_SHOWN": "false",
    "AFTER.DISTRACTION.MODE.EDITOR_TAB_PLACEMENT": "0",
    "AFTER.DISTRACTION.MODE.HIDE_TOOL_STRIPES": "true",
    "AFTER.DISTRACTION.MODE.IS_FOLDING_OUTLINE_SHOWN": "false",
    "AFTER.DISTRACTION.MODE.IS_INDENT_GUIDES_SHOWN": "false",
    "AFTER.DISTRACTION.MODE.IS_RIGHT_MARGIN_SHOWN": "false",
    "AFTER.DISTRACTION.MODE.IS_WHITESPACES_SHOWN": "false",
    "AFTER.DISTRACTION.MODE.SHOW_BREADCRUMBS": "false",
    "AFTER.DISTRACTION.MODE.SHOW_MAIN_TOOLBAR": "false",
    "AFTER.DISTRACTION.MODE.SHOW_METHOD_SEPARATORS": "false",
    "AFTER.DISTRACTION.MODE.SHOW_NAVIGATION_BAR": "false",
    "AFTER.DISTRACTION.MODE.SHOW_NEW_MAIN_TOOLBAR": "false",
    "AFTER.DISTRACTION.MODE.SHOW_STATUS_BAR": "false",
    "BEFORE.DISTRACTION.MODE.ARE_GUTTER_ICONS_SHOWN": "true",
    "BEFORE.DISTRACTION.MODE.ARE_LINE_NUMBERS_SHOWN": "true",
    "BEFORE.DISTRACTION.MODE.EDITOR_TAB_PLACEMENT": "1",
    "BEFORE.DISTRACTION.MODE.HIDE_TOOL_STRIPES": "false",
    "BEFORE.DISTRACTION.MODE.IS_FOLDING_OUTLINE_SHOWN": "true",
    "BEFORE.DISTRACTION.MODE.IS_INDENT_GUIDES_SHOWN": "true",
    "BEFORE.DISTRACTION.MODE.IS_RIGHT_MARGIN_SHOWN": "true",
    "BEFORE.DISTRACTION.MODE.IS_WHITESPACES_SHOWN": "false",
    "BEFORE.DISTRACTION.MODE.SHOW_BREADCRUMBS": "false",
    "BEFORE.DISTRACTION.MODE.SHOW_MAIN_TOOLBAR": "false",
    "BEFORE.DISTRACTION.MODE.SHOW_METHOD_SEPARATORS": "false",
    "BEFORE.DISTRACTION.MODE.SHOW_NAVIGATION_BAR": "true",
    "BEFORE.DISTRACTION.MODE.SHOW_NEW_MAIN_TOOLBAR": "false",
    "BEFORE.DISTRACTION.MODE.SHOW_STATUS_BAR": "true",
    "CWM_LOGGING_VERSION": "1",
    "EXPORTABILITY_SORTER.file.structure.state": "true",
    "ExpandBeforeRunStepsPanel": "true",
    "IdeErrorsDialog.LAST_OK_ACTION": "REPORT_ALL",
    "InstalledPluginsSearchHistory": "sect\nscroll to top\nscroll to\nscroll\nscrol",
    "KEYMAP_IN_QUICK_LISTS": "override",
    "MarketplacePluginsSearchHistory": "golang\ngo\nv\n/tag:Inspection\ngo vet",
    "MemberChooser.showClasses": "true",
    "NewProjectWizard.addSampleCodeState": "false",
    "RegistryRecentKeys": "debugger.new.tool.window.layout=debugger.new.tool.window.layout.toolbar=debugger.emulate.method.breakpoints=debugger.default.selected.view.key=ide.experimental.ui=ift.experimental.lessons=ide.new.editor.tabs.vertical.borders=ide.editor.tabs.use.tabslayout=ide.text.editor.with.preview.show.floating.toolbar=ide.experimental.ui.title.toolbar.in.macos=documentation.show.toolbar=ide.experimental.ui.inter.font=ide.experimental.ui.navbar.scroll",
    "RunOnceActivity.go.enabled.exportability.sorter": "true",
    "RunOnceActivity.go.libraries.notification.had.been.shown": "true",
    "RunOnceActivity.se.text.search": "true",
    "SettingsSearchHistory": "plugin\nplugins\nmaterial\ntab",
    "appcds.runOnSecondStart": "IU-221.5787.30-a21680fb5f1f4e69fabd8f7089455af1345a698ab5b0f12c404fc46c9487b0a3",
    "bundled.plugins.list.saved.version": "IU-222.3048.13",
    "com.intellij.ide.projectWizard.generators.JavaNewProjectWizard$Step.selectedStep": "IntelliJ",
    "com.intellij.ide.wizard.NewProjectWizardLanguageStep.selectedStep": "Go",
    "com.intellij.openapi.roots.ui.configuration.TabbedModuleEditor.selectedEditor": "Sources",
    "defaultJdkConfigured": "true",
    "eclipse.projects.detected": "",
    "evlsprt.221": "181c02d4040",
    "evlsprt3.221": "24",
    "evlsprt3.IU-222.3048.13": "24",
    "exception.accepted.notices": "182193a2",
    "file.gist.reindex.count": "45",
    "fileTypeChangedCounter": "4",
    "fontSizeToResetConsole": "16.0",
    "fontSizeToResetEditor": "16.0",
    "golangci-lint": "/home/nxtcoder17/.local/share/go/bin/golangci-lint",
    "got.it.tooltip.cwm.invitation.notification": "1",
    "got.it.tooltip.reader.mode.got.it": "1",
    "gotit.previous.run": "IU-221.5787.30",
    "ide.memory.adjusted": "true",
    "ide.updates.whats.new.shown.for": "221",
    "ideavim.statistics.timestamp": "1655778130912",
    "ift.learning.panel.opened.in": "221.5787.30",
    "ignore.vm.options.env.vars": "true",
    "input.method.disabler.muted": "true",
    "installed.kotlin.plugin.version": "221-1.6.21-release-337-IJ5787.30",
    "jdk.selected.JAVA_MODULE": "18",
    "last_opened_file_path": "/home/nxtcoder17/me/jeera-rice/apps/idea/settings.zip",
    "org.jetbrains.plugins.go.LAST_UPDATE": "1655814779133",
    "org.jetbrains.plugins.go.LAST_VERSION": "221.5787.20",
    "previousColorScheme": "_@user_Dark",
    "project.wizard.group": "newWizard.com.intellij.ide.wizard.NewProjectBuilder",
    "registry.to.advanced.settings.migration.build": "IU-221.5787.30",
    "selected.color.option.type": "IMPLICIT_ANONYMOUS_CLASS_PARAMETER_ATTRIBUTES",
    "stats.collector.latest.sending.timestamp": "1655550603283",
    "stats.collector.today.sent.data.size": "1794",
    "tasks.pass.word.conversion.enforced": "true",
    "ts.lib.d.ts.version": "4.6.3"
  },
  "keyToStringList": {
    "file.chooser.recent.files": [
      "/home/nxtcoder17/me/jeera-rice/apps/idea/settings.zip"
    ],
    "fileTypeDetectors": [
      "com.intellij.ide.scratch.ScratchFileServiceImpl$Detector",
      "com.intellij.profiler.ultimate.hprof.impl.HprofFileTypeDetector",
      "com.intellij.docker.dockerFile.DockerFileTypeDetector",
      "com.intellij.javascript.debugger.sourcemap.SourceMapFileType$MyFileTypeDetector",
      "com.intellij.database.vfs.DbStorageFileType$Detector",
      "com.jetbrains.nodejs.util.NodeFileTypeDetector$JavaScriptFileTypeDetector",
      "com.jetbrains.nodejs.util.NodeFileTypeDetector$TypeScriptFileTypeDetector",
      "com.android.tools.idea.sqlite.fileType.SqliteFileTypeDetector",
      "com.android.tools.idea.profilers.capture.MemoryCaptureFileType$Detector",
      "org.jetbrains.plugins.textmate.TextMateFileType$TextMateFileDetector"
    ],
    "go-enabled-linters": [
      "ineffassign",
      "deadcode",
      "staticcheck",
      "govet",
      "varcheck",
      "structcheck",
      "typecheck",
      "errcheck",
      "unused",
      "gosimple"
    ]
  }
}]]></component>
  <component name="TabdirConfiguration">
    <option name="charsInName" value="5" />
    <option name="countMaxDirsFromStart" value="true" />
    <option name="dirSeparator" value="|" />
    <option name="filesExtensions" value="" />
    <option name="maxDirsToShow" value="3" />
    <option name="projectConfigEnabled" value="false" />
    <option name="reduceDirNames" value="true" />
    <option name="relativeTo" />
    <option name="removeDuplicates" value="false" />
    <option name="titleFormat" value="[{0}] {1}" />
    <option name="useExtensions" value="Do not use" />
  </component>
  <component name="TerminalCommandHistoryManager">
    <command-history-files>
      <command-history-file filename="go-errors-history" project-path="$USER_HOME$/workspace/nxtcoder17/go-errors" last-access-time="1655614651715" />
      <command-history-file filename="api-go-history" project-path="$USER_HOME$/workspace/madhouselabs/hotspot/api-go" last-access-time="1655602791262" />
    </command-history-files>
  </component>
</application>