<application>
  <component name="DynamicPluginEnabler">
    <trackers>
      <map>
        <entry key="28QzOE2ci6ZhrPl5ERF5AB5CzTt">
          <value>
            <ProjectPluginTracker />
          </value>
        </entry>
        <entry key="28SKaZpc3uQdj2Sf2y9iudIq5xx">
          <value>
            <ProjectPluginTracker />
          </value>
        </entry>
        <entry key="29OgcELZiZZBpzLB9YbLBewGpkw">
          <value>
            <ProjectPluginTracker />
          </value>
        </entry>
        <entry key="2Ah6BfyXNWr7ZEaw2fsdhJzx2eI">
          <value>
            <ProjectPluginTracker />
          </value>
        </entry>
        <entry key="2AmRhy3h5r1AwSTs26mRSidg7C4">
          <value>
            <ProjectPluginTracker />
          </value>
        </entry>
        <entry key="2AmSQx4JxpZ4wO3RJnjNukj05DE">
          <value>
            <ProjectPluginTracker />
          </value>
        </entry>
        <entry key="2Amag1WllnIuaNuZM5A5WwPuJv2">
          <value>
            <ProjectPluginTracker />
          </value>
        </entry>
        <entry key="2BEQ0qsqIUQs8ix51uOarMOlKPy">
          <value>
            <ProjectPluginTracker />
          </value>
        </entry>
        <entry key="2BHrBH4vunVKCfjbn5bUb5MtVb3">
          <value>
            <ProjectPluginTracker />
          </value>
        </entry>
        <entry key="2BQfXnDzfZsyOb2fV2mOs87WFgP">
          <value>
            <ProjectPluginTracker />
          </value>
        </entry>
        <entry key="2BSrnYM9ut1Atpb8syBNCcY71Jc">
          <value>
            <ProjectPluginTracker />
          </value>
        </entry>
        <entry key="2BSsMNfaP0HDa4N61lXdges8d06">
          <value>
            <ProjectPluginTracker />
          </value>
        </entry>
        <entry key="2BV49iboQSSDzEwLjvOv6cVgl48">
          <value>
            <ProjectPluginTracker />
          </value>
        </entry>
        <entry key="2BYFj8dtchLZtau05e3LZ2iaMZk">
          <value>
            <ProjectPluginTracker />
          </value>
        </entry>
        <entry key="2BfJs3kIH4fgnyT6r348GG8PbBs">
          <value>
            <ProjectPluginTracker />
          </value>
        </entry>
        <entry key="2BfMDlvcbFS5aSuqBmFVuKKmGq0">
          <value>
            <ProjectPluginTracker />
          </value>
        </entry>
        <entry key="2BfQpE89vKSufQ5xexbzTKXYUgP">
          <value>
            <ProjectPluginTracker />
          </value>
        </entry>
        <entry key="2BsQWJMARWjs4tJdNJgM2i5RirW">
          <value>
            <ProjectPluginTracker />
          </value>
        </entry>
        <entry key="2C63bJHveXn3XHtNQMxtUt8TszD">
          <value>
            <ProjectPluginTracker />
          </value>
        </entry>
        <entry key="2C64jFUWovcx33ACTCNzAQIPApb">
          <value>
            <ProjectPluginTracker />
          </value>
        </entry>
        <entry key="2CORWS6ut5V6XcTpuPlRqLJLJeM">
          <value>
            <ProjectPluginTracker />
          </value>
        </entry>
        <entry key="2CTAErgtkdixH3ZWRvWUKERvEm1">
          <value>
            <ProjectPluginTracker />
          </value>
        </entry>
      </map>
    </trackers>
  </component>
  <component name="LangManager">
    <option name="languageName" value="go" />
  </component>
  <component name="NotRoamableUiSettings">
    <option name="fontFace" value="Rec Mono Casual" />
    <option name="fontScale" value="1.0" />
    <option name="fontSize" value="14.0" />
  </component>
  <component name="PropertyService"><![CDATA[{
  "keyToString": {
    "AFTER.DISTRACTION.MODE.ARE_GUTTER_ICONS_SHOWN": "false",
    "AFTER.DISTRACTION.MODE.ARE_LINE_NUMBERS_SHOWN": "false",
    "AFTER.DISTRACTION.MODE.EDITOR_TAB_PLACEMENT": "0",
    "AFTER.DISTRACTION.MODE.HIDE_TOOL_STRIPES": "true",
    "AFTER.DISTRACTION.MODE.IS_FOLDING_OUTLINE_SHOWN": "false",
    "AFTER.DISTRACTION.MODE.IS_INDENT_GUIDES_SHOWN": "false",
    "AFTER.DISTRACTION.MODE.IS_RIGHT_MARGIN_SHOWN": "false",
    "AFTER.DISTRACTION.MODE.IS_WHITESPACES_SHOWN": "false",
    "AFTER.DISTRACTION.MODE.SHOW_BREADCRUMBS": "false",
    "AFTER.DISTRACTION.MODE.SHOW_MAIN_TOOLBAR": "false",
    "AFTER.DISTRACTION.MODE.SHOW_METHOD_SEPARATORS": "false",
    "AFTER.DISTRACTION.MODE.SHOW_NAVIGATION_BAR": "false",
    "AFTER.DISTRACTION.MODE.SHOW_NEW_MAIN_TOOLBAR": "false",
    "AFTER.DISTRACTION.MODE.SHOW_STATUS_BAR": "false",
    "ATTACHED_TOOL_WINDOW.Compose Preview.TOOL_ORDER": "",
    "ATTACHED_TOOL_WINDOW.DEFAULT.Compose Preview.TOOL_ORDER": "",
    "BEFORE.DISTRACTION.MODE.ARE_GUTTER_ICONS_SHOWN": "true",
    "BEFORE.DISTRACTION.MODE.ARE_LINE_NUMBERS_SHOWN": "true",
    "BEFORE.DISTRACTION.MODE.EDITOR_TAB_PLACEMENT": "1",
    "BEFORE.DISTRACTION.MODE.HIDE_TOOL_STRIPES": "false",
    "BEFORE.DISTRACTION.MODE.IS_FOLDING_OUTLINE_SHOWN": "true",
    "BEFORE.DISTRACTION.MODE.IS_INDENT_GUIDES_SHOWN": "true",
    "BEFORE.DISTRACTION.MODE.IS_RIGHT_MARGIN_SHOWN": "true",
    "BEFORE.DISTRACTION.MODE.IS_WHITESPACES_SHOWN": "false",
    "BEFORE.DISTRACTION.MODE.SHOW_BREADCRUMBS": "false",
    "BEFORE.DISTRACTION.MODE.SHOW_MAIN_TOOLBAR": "false",
    "BEFORE.DISTRACTION.MODE.SHOW_METHOD_SEPARATORS": "false",
    "BEFORE.DISTRACTION.MODE.SHOW_NAVIGATION_BAR": "true",
    "BEFORE.DISTRACTION.MODE.SHOW_NEW_MAIN_TOOLBAR": "false",
    "BEFORE.DISTRACTION.MODE.SHOW_STATUS_BAR": "true",
    "CWM_LOGGING_VERSION": "1",
    "ColorChooser.RecentColors": "60-138-133-255,,,60-73-156-255,,,156-145-126-255",
    "EXPORTABILITY_SORTER.file.structure.state": "true",
    "ExpandBeforeRunStepsPanel": "true",
    "ExternalToolDialog.advanced.expanded": "true",
    "FileTemplates.SelectedTemplate": "HTML File",
    "GO_TAG_FIELD_NAME_STYLE": "camel",
    "IdeErrorsDialog.LAST_OK_ACTION": "REPORT_ALL",
    "InstalledPluginsSearchHistory": "large\nlarg\nlar\nl\nbig",
    "KEYMAP": "completion\ntype completion\nquicklist\nresize",
    "KEYMAP_IN_QUICK_LISTS": "soft wrap\nactive editor\ncompare with local\ncompare local\ndiff",
    "LAST_INJECTED_LANGUAGE": "yaml",
    "Markdown Split EditorLayout": "Editor only",
    "MarketplacePluginsSearchHistory": "click up\ncli\nclick\nclicku\nclickup",
    "MemberChooser.showClasses": "true",
    "NewProjectWizard.addSampleCodeState": "false",
    "PROJECT_CLASS_LOADING_KEY": "true",
    "ProjectStructure.TopLevelElements": "0.17",
    "RegistryRecentKeys": "parameter.info.editor.font=new.search.everywhere.use.editor.font=ide.find.use.editor.font=ide.experimental.ui.inter.font=debugger.new.tool.window.layout=debugger.new.tool.window.layout.toolbar=ide.experimental.ui.animations=ide.experimental.ui.tree.selection=ui.simplified=debugger.emulate.method.breakpoints=debugger.default.selected.view.key=ide.experimental.ui=ift.experimental.lessons=ide.new.editor.tabs.vertical.borders=ide.editor.tabs.use.tabslayout=ide.text.editor.with.preview.show.floating.toolbar=ide.experimental.ui.title.toolbar.in.macos=documentation.show.toolbar=ide.experimental.ui.navbar.scroll",
    "RunOnceActivity.JDK_CLASS_LOADING": "true",
    "RunOnceActivity.go.enabled.exportability.sorter": "true",
    "RunOnceActivity.go.libraries.notification.had.been.shown": "true",
    "RunOnceActivity.se.text.search": "true",
    "SAVED_ANDROID_NPW_ASKED_LANGUAGE": "true",
    "SAVED_ANDROID_NPW_LANGUAGE": "Kotlin",
    "SAVED_ANDROID_PACKAGE": "com.example",
    "SHELLCHECK.PATH": "/home/nxtcoder17/.local/share/JetBrains/IntelliJIdea2022.1/Shell Script/shellcheck",
    "SettingsSearchHistory": "hard wrap\nshell\nsoft wraps\nlanguage refere\nsmart keys",
    "TextEditorWithPreview.SplitterProportionKey": "0.85",
    "XDebuggerExpressionEditor_Use_Soft_Wraps": "true",
    "android.sdk.path": "/home/nxtcoder17/Android/Sdk",
    "appcds.runOnSecondStart": "IU-221.6008.13-b8604b27634dc35b4fb4c70e090a5c8b851cad761c8e83b0b1b4c72f5f3dd5a1",
    "bidi.content.notification.disable": "true",
    "build.toolwindow.Build Output.selection.state": "com.intellij.build.BuildTreeConsoleView",
    "build.toolwindow.Sync.selection.state": "com.intellij.build.BuildTreeConsoleView",
    "bundled.plugins.list.saved.version": "IU-222.3048.13",
    "com.intellij.ide.projectWizard.generators.JavaNewProjectWizard$Step.selectedStep": "IntelliJ",
    "com.intellij.ide.util.projectWizard.MultiWebTemplateNewProjectWizard$createTemplateStep$1.selectedStep": "React",
    "com.intellij.ide.wizard.NewProjectWizardLanguageStep.selectedStep": "Kotlin",
    "com.intellij.kubernetes.view.ui.settings.KubernetesPodShellSettingsPanel.shellCommand": "",
    "com.intellij.openapi.roots.ui.configuration.TabbedModuleEditor.selectedEditor": "Sources",
    "com.jetbrains.python.newProject.NewEnvironmentStep.selectedStep": "Virtualenv",
    "com.jetbrains.python.newProject.PythonSdkStep.selectedStep": "New",
    "create.project.preferred.importer": "Existing sources",
    "debugger.speed.search.tree.option.hint.counter": "1",
    "defaultJdkConfigured": "true",
    "defaultpackageserviceconfig.fulltext": "https://package-search.services.jetbrains.com/api/search/idea/fulltext",
    "defaultpackageserviceconfig.suggest": "https://package-search.services.jetbrains.com/api/search/idea/suggest",
    "defaultpackageserviceconfig.updated.ts": "1657293210022",
    "eclipse.projects.detected": "",
    "evlsprt.221": "181c02d4040",
    "evlsprt3.221": "24",
    "evlsprt3.IU-222.3048.13": "24",
    "exception.accepted.notices": "182193a2",
    "export.settings.path": "/home/nxtcoder17/me/jeera-rice/apps/idea/settings.zip",
    "file.gist.reindex.count": "746",
    "fileTypeChangedCounter": "48",
    "fontSizeToResetConsole": "16.0",
    "fontSizeToResetEditor": "16.0",
    "golangci-lint": "/home/nxtcoder17/.local/share/go/bin/golangci-lint",
    "got.it.tooltip.cwm.invitation.notification": "1",
    "got.it.tooltip.reader.mode.got.it": "1",
    "got.it.tooltip.show.diff.in.editor": "1",
    "got.it.tooltip.terminal.smart_command_execution": "1",
    "gotit.previous.run": "IU-221.6008.13",
    "ide.memory.adjusted": "true",
    "ide.updates.whats.new.shown.for": "221",
    "idea.background.editor": "/home/nxtcoder17/me/jeera-rice/wallpapers/gray-patterns-6K.jpg,17,scale,center",
    "ideavim.statistics.timestamp": "1658824187959",
    "ift.learning.panel.opened.in": "221.5787.30",
    "ignore.vm.options.env.vars": "true",
    "input.method.disabler.muted": "true",
    "installed.kotlin.plugin.version": "221-1.6.21-release-337-IJ6008.13",
    "jdk.selected.JAVA_MODULE": "18",
    "js.chrome.debugger.port.98ca6316-2f89-46d9-a9e5-fa9e2b0625b3": "42411",
    "kotlin.lastUpdateCheck": "1657462352658",
    "kotlin.updates.whats.new.shown.for": "1.6.21",
    "last.imported.location": "/home/nxtcoder17/workspace/nxtcoder17/nxtcoder17.me/web",
    "last_opened_file_path": "/home/nxtcoder17/workspace/nxtcoder17/themes",
    "org.intellij.images.editor.actions.BackgroundImageDialog#recent": "/home/nxtcoder17/Downloads/dark-6k-3840×2160.jpg\n/home/nxtcoder17/me/jeera-rice/wallpaper\n/home/nxtcoder17/me/jeera-rice/wallpapers/gray-patterns-6K.jpg",
    "org.jetbrains.kotlin.tools.projectWizard.KotlinNewProjectWizard$Step.selectedStep": "IntelliJ",
    "org.jetbrains.plugins.go.LAST_UPDATE": "1658830002069",
    "org.jetbrains.plugins.go.LAST_VERSION": "221.6008.13",
    "previousColorScheme": "_@user_Dark",
    "project.wizard.group": "com.android.tools.idea.npw.ideahost.AndroidModuleBuilder",
    "registry.to.advanced.settings.migration.build": "IU-221.6008.13",
    "run.configuration.delete.ad": "true",
    "run.configuration.edit.ad": "true",
    "selected.color.option.type": "RIGHT_MARGIN_COLOR",
    "settings.code.style.selected.tab.CPT": "Wrapping and Braces",
    "settings.code.style.selected.tab.EditorConfig": "Wrapping and Braces",
    "settings.code.style.selected.tab.HCL": "Wrapping and Braces",
    "settings.code.style.selected.tab.HCL-Terraform": "Wrapping and Braces",
    "settings.code.style.selected.tab.HTML": "Other",
    "settings.code.style.selected.tab.JAVA": "Wrapping and Braces",
    "settings.code.style.selected.tab.JSON": "Wrapping and Braces",
    "settings.code.style.selected.tab.JSP": "Wrapping",
    "settings.code.style.selected.tab.TypeScript": "Wrapping and Braces",
    "settings.code.style.selected.tab.XML": "Other",
    "settings.code.style.selected.tab.go": "Wrapping and Braces",
    "settings.code.style.selected.tab.kotlin": "Wrapping and Braces",
    "settings.code.style.selected.tab.yaml": "Wrapping and Braces",
    "stats.collector.latest.sending.timestamp": "1655550603283",
    "stats.collector.today.sent.data.size": "1794",
    "tasks.pass.word.conversion.enforced": "true",
    "ts.lib.d.ts.version": "4.6.3"
  },
  "keyToStringList": {
    "file.chooser.recent.files": [
      "/home/nxtcoder17/workspace/nxtcoder17/github/typing-game/.GOPATH",
      "/home/nxtcoder17/me/jeera-rice/apps/idea/settings.zip",
      "/home/nxtcoder17/workspace/madhouselabs/hotspot/api-go/.GO",
      "/home/nxtcoder17/workspace/madhouselabs/hotspot/api-go/grpc-interfaces/Taskfile.yml",
      "/home/nxtcoder17/workspace/nxtcoder17/graph-cli/package.json",
      "/home/nxtcoder17/workspace/nxtcoder17/graph-cli/src/index.js",
      "/home/nxtcoder17/me/jeera-rice/wallpapers/gray-patterns-6K.jpg",
      "/home/nxtcoder17/workspace/madhouselabs/hotspot/api-go/apps/console",
      "/home/nxtcoder17/workspace/madhouselabs/hotspot/api-go/apps/console/.secrets/env",
      "/home/nxtcoder17/workspace/madhouselabs/hotspot/operator/.secrets/env",
      "/home/nxtcoder17/workspace/nxtcoder17/nxtcoder17.me/web",
      "/home/nxtcoder17/workspace/nxtcoder17/ANDROID/sample",
      "/home/nxtcoder17/workspace/madhouselabs/hotspot/operator/.GO",
      "/home/nxtcoder17/workspace/nxtcoder17/proxying/tcp-proxy",
      "/home/nxtcoder17/workspace/madhouselabs/hotspot/api-go/.GOPATH",
      "/home/nxtcoder17/workspace/nxtcoder17/themes",
      "/home/nxtcoder17/Downloads/dark-6k-3840×2160.jpg",
      "/home/nxtcoder17/workspace/nxtcoder17/tcp-proxy/server",
      "/home/nxtcoder17/workspace/madhouselabs/hotspot/operator/.GOPATH",
      "/home/nxtcoder17/workspace/madhouselabs/hotspot/operator",
      "/home/nxtcoder17/workspace/nxtcoder17/tunnel-rathole",
      "/home/nxtcoder17/workspace/nxtcoder17/dns",
      "/home/nxtcoder17/workspace/madhouselabs/hotspot/api-go/apps/finance/.secrets/env",
      "/home/nxtcoder17/workspace/madhouselabs/hotspot/api-go/pkg"
    ],
    "fileTypeDetectors": [
      "com.intellij.ide.scratch.ScratchFileServiceImpl$Detector",
      "com.intellij.profiler.ultimate.hprof.impl.HprofFileTypeDetector",
      "com.intellij.javascript.debugger.sourcemap.SourceMapFileType$MyFileTypeDetector",
      "com.intellij.database.vfs.DbStorageFileType$Detector",
      "com.jetbrains.nodejs.util.NodeFileTypeDetector$JavaScriptFileTypeDetector",
      "com.jetbrains.nodejs.util.NodeFileTypeDetector$TypeScriptFileTypeDetector",
      "com.intellij.docker.dockerFile.DockerFileTypeDetector",
      "org.jetbrains.plugins.textmate.TextMateFileType$TextMateFileDetector"
    ],
    "go-enabled-linters": [
      "ineffassign",
      "deadcode",
      "staticcheck",
      "govet",
      "varcheck",
      "structcheck",
      "typecheck",
      "errcheck",
      "unused",
      "gosimple"
    ],
    "kotlin-gradle-user-dirs": [
      "/home/nxtcoder17/.local/share/gradle"
    ]
  }
}]]></component>
  <component name="RecentTaskRepositories">
    <GitHub shared="false" url="https://github.com">
      <option name="assignedIssuesOnly" value="false" />
      <commitMessageFormat>{id} {summary}</commitMessageFormat>
      <option name="loginAnonymously" value="false" />
      <option name="preferredCloseTaskState" />
      <option name="preferredOpenTaskState" />
      <option name="repoAuthor" value="kloudlite" />
      <option name="repoName" value="operator" />
      <option name="shouldFormatCommitMessage" value="false" />
      <option name="useHttpAuthentication" value="false" />
      <option name="useProxy" value="false" />
      <option name="user" value="" />
      <username />
    </GitHub>
  </component>
  <component name="TabdirConfiguration">
    <option name="charsInName" value="5" />
    <option name="countMaxDirsFromStart" value="true" />
    <option name="dirSeparator" value="|" />
    <option name="filesExtensions" value="" />
    <option name="maxDirsToShow" value="3" />
    <option name="projectConfigEnabled" value="false" />
    <option name="reduceDirNames" value="true" />
    <option name="relativeTo" />
    <option name="removeDuplicates" value="false" />
    <option name="titleFormat" value="[{0}] {1}" />
    <option name="useExtensions" value="Do not use" />
  </component>
  <component name="TerminalCommandHistoryManager">
    <command-history-files>
      <command-history-file filename="ak-history" project-path="$USER_HOME$/workspace/nxtcoder17/ak" last-access-time="1656843393171" />
      <command-history-file filename="go-history" project-path="$USER_HOME$/workspace/nxtcoder17/github/go" last-access-time="1658111684719" />
      <command-history-file filename="tcp-proxy-history" project-path="$USER_HOME$/workspace/nxtcoder17/tcp-proxy" last-access-time="1656655472330" />
      <command-history-file filename="go-errors-history" project-path="$USER_HOME$/workspace/nxtcoder17/go-errors" last-access-time="1655614651715" />
      <command-history-file filename="tunneling-history1" project-path="$USER_HOME$/workspace/nxtcoder17/tunneling" last-access-time="1656541724534" />
    </command-history-files>
  </component>
  <component name="stepsize.xml">
    <option name="globalStorage">
      <map>
        <entry key="metadata">
          <value>
            <map>
              <entry key="persistent" value="{&quot;anonymousId&quot;:&quot;75f037af1fb633cb77c72e94055fc22932b402aac2b97972ee15cea9598e9d33&quot;}" />
            </map>
          </value>
        </entry>
        <entry key="onboarding">
          <value>
            <map>
              <entry key="onboarding" value="{&quot;tourId&quot;:&quot;89d5cb91-ee63-42fb-be58-77871becb860&quot;,&quot;startedAt&quot;:&quot;Thu Jul 21 18:20:00 IST 2022&quot;,&quot;step&quot;:1}" />
              <entry key="webviewOpenedAfterInstall" value="true" />
            </map>
          </value>
        </entry>
        <entry key="tutorial">
          <value>
            <map>
              <entry key="state" value="{&quot;hidden&quot;:false,&quot;completed&quot;:false,&quot;loading&quot;:false,&quot;currentStepIndex&quot;:null,&quot;currentStepProgress&quot;:0,&quot;generation&quot;:2,&quot;gitData&quot;:{&quot;recentFilesCap&quot;:10,&quot;recentFilesLog&quot;:&quot;agent/main.go\napis/crds/v1/app_types.go\napis/serverless/v1/lambda_types.go\nconfig/crd/bases/crds.kloudlite.io_apps.yaml\nconfig/crd/bases/serverless.kloudlite.io_lambdas.yaml\ncontrollers/serverless/lambda_controller.go\nenv/env.go\nlib/redpanda/consumer.go\nlib/templates/app.tpl.yml\nmain.go&quot;,&quot;collaboratorsCap&quot;:5,&quot;collaboratorsLog&quot;:&quot;nxtcoder17~@~@~nxtcoder17@gmail.com\nnxtcoder17~@~@~nxtcoder17@gmail.com\nAnshuman Bhaskar~@~@~nxtcoder17@gmail.com\nnxtcoder17~@~@~nxtcoder17@gmail.com\nnxtcoder17~@~@~nxtcoder17@gmail.com\nnxtcoder17~@~@~nxtcoder17@gmail.com\nnxtcoder17~@~@~nxtcoder17@gmail.com\nAnshuman Bhaskar~@~@~nxtcoder17@gmail.com\nnxtcoder17~@~@~nxtcoder17@gmail.com\nnxtcoder17~@~@~nxtcoder17@gmail.com\nAnshuman Bhaskar~@~@~nxtcoder17@gmail.com\nnxtcoder17~@~@~nxtcoder17@gmail.com\nnxtcoder17~@~@~nxtcoder17@gmail.com\nnxtcoder17~@~@~nxtcoder17@gmail.com\nnxtcoder17~@~@~nxtcoder17@gmail.com\nnxtcoder17~@~@~nxtcoder17@gmail.com\nnxtcoder17~@~@~nxtcoder17@gmail.com\nAnshuman Bhaskar~@~@~nxtcoder17@gmail.com\nnxtcoder17~@~@~nxtcoder17@gmail.com\nAnshuman Bhaskar~@~@~nxtcoder17@gmail.com\nnxtcoder17~@~@~nxtcoder17@gmail.com\nAnshuman Bhaskar~@~@~nxtcoder17@gmail.com\nnxtcoder17~@~@~nxtcoder17@gmail.com\nnxtcoder17~@~@~nxtcoder17@gmail.com\nAnshuman Bhaskar~@~@~nxtcoder17@gmail.com\nnxtcoder17~@~@~nxtcoder17@gmail.com\nAnshuman Bhaskar~@~@~nxtcoder17@gmail.com\nnxtcoder17~@~@~nxtcoder17@gmail.com\nAnshuman Bhaskar~@~@~nxtcoder17@gmail.com\nnxtcoder17~@~@~nxtcoder17@gmail.com\nnxtcoder17~@~@~nxtcoder17@gmail.com\nnxtcoder17~@~@~nxtcoder17@gmail.com\nnxtcoder17~@~@~nxtcoder17@gmail.com\nnxtcoder17~@~@~nxtcoder17@gmail.com\nnxtcoder17~@~@~nxtcoder17@gmail.com\nnxtcoder17~@~@~nxtcoder17@gmail.com\nnxtcoder17~@~@~nxtcoder17@gmail.com\nnxtcoder17~@~@~nxtcoder17@gmail.com\nnxtcoder17~@~@~nxtcoder17@gmail.com\nnxtcoder17~@~@~nxtcoder17@gmail.com\nnxtcoder17~@~@~nxtcoder17@gmail.com\nnxtcoder17~@~@~nxtcoder17@gmail.com\nnxtcoder17~@~@~nxtcoder17@gmail.com\nnxtcoder17~@~@~nxtcoder17@gmail.com\nnxtcoder17~@~@~nxtcoder17@gmail.com\nnxtcoder17~@~@~nxtcoder17@gmail.com\nnxtcoder17~@~@~nxtcoder17@gmail.com\nnxtcoder17~@~@~nxtcoder17@gmail.com\nnxtcoder17~@~@~nxtcoder17@gmail.com\nAnshuman Bhaskar~@~@~nxtcoder17@gmail.com&quot;,&quot;currentUserName&quot;:&quot;nxtcoder17@gmail.com&quot;,&quot;currentUserEmail&quot;:&quot;nxtcoder17&quot;},&quot;invites&quot;:{&quot;sent&quot;:[],&quot;ignored&quot;:[]}}" />
            </map>
          </value>
        </entry>
      </map>
    </option>
  </component>
</application>