<application>
  <component name="PostfixTemplates">
    <template id="rget@userDefined" key=".rget" provider="com.goide.postfix.GoPostfixTemplateProvider" topmost="false">
      <conditions>
        <condition id="type" type="sigs.k8s.io/controller-runtime/pkg/client#Object" />
      </conditions>
      <template name="fakeKey" value="if err := r.Get(ctx, req.NamespacedName, $EXPR$); err != nil {&#10;    $END$&#10;}" description="" toReformat="true" toShortenFQNames="true" />
    </template>
    <template id="if@userDefined" key=".if" provider="com.goide.postfix.GoPostfixTemplateProvider" topmost="false">
      <conditions>
        <condition id="string" />
      </conditions>
      <template name="fakeKey" value="if s := $EXPR$; s != &quot;&quot; {&#10;    $END$&#10;}" description="" toReformat="true" toShortenFQNames="true" />
    </template>
    <template id="varCheckError" key=".varCheckedError" provider="com.goide.postfix.GoPostfixTemplateProvider" builtin="varCheckError" />
    <template id="pln@userDefined" key=".pln" provider="com.goide.postfix.GoPostfixTemplateProvider" topmost="false">
      <conditions>
        <condition id="non void" />
      </conditions>
      <template name="fakeKey" value="fmt.Println($EXPR$)$END$" description="" toReformat="true" toShortenFQNames="true" />
    </template>
    <template id="df@userDefined" key=".df" provider="com.goide.postfix.GoPostfixTemplateProvider" topmost="true">
      <conditions>
        <condition id="non void" />
      </conditions>
      <template name="fakeKey" value="req.logger.Debugf(&quot;$EXPR$: %+v&quot;, $EXPR$)" toReformat="true" toShortenFQNames="true" />
    </template>
    <template id="var" key=".var" provider="com.goide.postfix.GoPostfixTemplateProvider" builtin="var" />
    <template id="wf@userDefined" key=".wf" provider="com.goide.postfix.GoPostfixTemplateProvider" topmost="false">
      <conditions>
        <condition id="error" />
      </conditions>
      <template name="fakeKey" value="errors.NewEf($EXPR$, &quot;$END$&quot;)" description="" toReformat="true" toShortenFQNames="true" />
    </template>
    <template id="v@userDefined" key=".v" provider="com.goide.postfix.GoPostfixTemplateProvider" topmost="true">
      <conditions>
        <condition id="non void" />
      </conditions>
      <template name="fakeKey" value="var name = $EXPR$" description="" toReformat="true" toShortenFQNames="true" />
    </template>
    <template id="isTrue@userDefined" key=".isTrue" provider="com.goide.postfix.GoPostfixTemplateProvider" topmost="true">
      <conditions>
        <condition id="type" type="k8s.io/apimachinery/pkg/apis/meta/v1#Condition" />
      </conditions>
      <template name="fakeKey" value="meta.IsStatusConditionTrue($EXPR$, &quot;$END$&quot;)" toReformat="true" toShortenFQNames="true" />
    </template>
  </component>
</application>