<application>
  <component name="RainbowSettings">
    <option name="applyColorsOfRoundForAllBrackets" value="true" />
    <option name="cycleCountOnAllBrackets" value="true" />
    <option name="doNOTRainbowifyBracketsWithoutContent" value="true" />
    <option name="rainbowifyPythonKeywords" value="true" />
    <option name="rainbowifyTagNameInXML" value="true" />
    <option name="suppressBigFileCheck" value="true" />
    <option name="useColorGenerator" value="true" />
    <option name="version" value="6.25" />
  </component>
</application>