<application>
  <component name="UISettings">
    <option name="DISABLE_MNEMONICS" value="true" />
    <option name="HIDE_TOOL_STRIPES" value="true" />
    <option name="MARK_MODIFIED_TABS_WITH_ASTERISK" value="true" />
    <option name="MAX_LOOKUP_LIST_HEIGHT" value="19" />
    <option name="MAX_LOOKUP_WIDTH2" value="770" />
    <option name="OPEN_TABS_AT_THE_END" value="true" />
    <option name="OVERRIDE_NONIDEA_LAF_FONTS" value="true" />
    <option name="SELECTED_TABS_LAYOUT_INFO_ID" value="ScrollableSingleRowTabsLayoutInfo" />
    <option name="SEPARATE_MAIN_MENU" value="true" />
    <option name="SHOW_MAIN_MENU" value="false" />
    <option name="SHOW_NAVIGATION_BAR_MEMBERS" value="false" />
    <option name="SHOW_NAVIGATION_BAR" value="false" />
    <option name="SHOW_STATUS_BAR" value="false" />
    <option name="showTreeIndentGuides" value="true" />
  </component>
</application>