<application>
  <component name="GoUsageSettings">
    <option name="SHOW_USAGES_IN_COMMENTS" value="false" />
  </component>
  <component name="ShowUsagesSettings">
    <option name="IS_FILTER_DUPLICATED_LINE" value="false" />
  </component>
  <component name="UsageFilteringRuleState">
    <option value="com.intellij.usages.impl.rules.UsageInGeneratedCodeFilteringRule" />
    <option value="com.intellij.usages.impl.rules.WriteAccessFilteringRule" />
    <option value="com.intellij.usages.impl.rules.ImportUsageFilteringRule" />
  </component>
  <component name="UsageViewSettings">
    <option name="IS_FILTER_DUPLICATED_LINE" value="false" />
    <option name="FLATTEN_MODULES" value="false" />
    <option name="GROUP_BY_FILE_STRUCTURE" value="false" />
    <option name="GROUP_BY_MODULE" value="false" />
    <option name="GROUP_BY_PACKAGE" value="false" />
  </component>
</application>