<application>
  <component name="FileTypeManager" version="18">
    <extensionMap>
      <mapping pattern=".dockerignore" type="PLAIN_TEXT" />
      <mapping ext="jssx" type="PLAIN_TEXT" />
      <mapping ext="ext" type="PLAIN_TEXT" />
      <mapping ext="jss" type="PLAIN_TEXT" />
      <mapping ext="go " type="PLAIN_TEXT" />
      <removed_mapping ext="apk" approved="true" type="ARCHIVE" />
      <removed_mapping ext="ignore" approved="true" type="IgnoreLang file" />
      <removed_mapping ext="psd" approved="true" type="Image" />
      <mapping ext="gradle.kts" type="Kotlin" />
      <mapping ext="main.kts" type="Kotlin" />
      <mapping ext="space.kts" type="Kotlin" />
    </extensionMap>
  </component>
</application>