<application>
  <component name="FileTypeManager" version="18">
    <extensionMap>
      <mapping pattern="Dockerfile2" type="AUTO_DETECTED" />
      <mapping pattern="handle-unauthorixed" type="AUTO_DETECTED" />
      <mapping ext="space.kts" type="Kotlin" />
      <mapping ext="gradle.kts" type="Kotlin" />
      <mapping ext="main.kts" type="Kotlin" />
      <mapping pattern=".project-secrets.rc" type="PLAIN_TEXT" />
      <mapping pattern=".dockerignore" type="PLAIN_TEXT" />
      <mapping ext="yml;" type="PLAIN_TEXT" />
      <mapping ext="tmpl" type="PLAIN_TEXT" />
      <removed_mapping ext="apk" approved="true" type="ARCHIVE" />
      <removed_mapping ext="psd" approved="true" type="Image" />
    </extensionMap>
  </component>
</application>