<application>
  <component name="GraziConfig">
    <option name="userDisabledRules">
      <set>
        <option value="And" />
        <option value="E_G" />
        <option value="PASSIVE_VOICE" />
      </set>
    </option>
    <option name="suppressingContext">
      <SuppressingContext>
        <option name="suppressed">
          <set>
            <option value="ID is stored" />
            <option value="July 23, 2021 tags" />
            <option value="When we make a request to a website" />
            <option value="Whenever, we make a request to a website" />
            <option value="of that" />
          </set>
        </option>
      </SuppressingContext>
    </option>
  </component>
</application>