<application>
  <component name="ProjectJdkTable">
    <jdk version="2">
      <name value="16" />
      <type value="JavaSDK" />
      <version value="version 16.0.1" />
      <homePath value="/usr/lib/jvm/java-16-openjdk" />
      <roots>
        <annotationsPath>
          <root type="composite">
            <root url="jar://$APPLICATION_HOME_DIR$/plugins/java/lib/jdkAnnotations.jar!/" type="simple" />
          </root>
        </annotationsPath>
        <classPath>
          <root type="composite">
            <root url="jrt:///usr/lib/jvm/java-16-openjdk!/java.base" type="simple" />
            <root url="jrt:///usr/lib/jvm/java-16-openjdk!/java.compiler" type="simple" />
            <root url="jrt:///usr/lib/jvm/java-16-openjdk!/java.datatransfer" type="simple" />
            <root url="jrt:///usr/lib/jvm/java-16-openjdk!/java.desktop" type="simple" />
            <root url="jrt:///usr/lib/jvm/java-16-openjdk!/java.instrument" type="simple" />
            <root url="jrt:///usr/lib/jvm/java-16-openjdk!/java.logging" type="simple" />
            <root url="jrt:///usr/lib/jvm/java-16-openjdk!/java.management" type="simple" />
            <root url="jrt:///usr/lib/jvm/java-16-openjdk!/java.management.rmi" type="simple" />
            <root url="jrt:///usr/lib/jvm/java-16-openjdk!/java.naming" type="simple" />
            <root url="jrt:///usr/lib/jvm/java-16-openjdk!/java.net.http" type="simple" />
            <root url="jrt:///usr/lib/jvm/java-16-openjdk!/java.prefs" type="simple" />
            <root url="jrt:///usr/lib/jvm/java-16-openjdk!/java.rmi" type="simple" />
            <root url="jrt:///usr/lib/jvm/java-16-openjdk!/java.scripting" type="simple" />
            <root url="jrt:///usr/lib/jvm/java-16-openjdk!/java.se" type="simple" />
            <root url="jrt:///usr/lib/jvm/java-16-openjdk!/java.security.jgss" type="simple" />
            <root url="jrt:///usr/lib/jvm/java-16-openjdk!/java.security.sasl" type="simple" />
            <root url="jrt:///usr/lib/jvm/java-16-openjdk!/java.smartcardio" type="simple" />
            <root url="jrt:///usr/lib/jvm/java-16-openjdk!/java.sql" type="simple" />
            <root url="jrt:///usr/lib/jvm/java-16-openjdk!/java.sql.rowset" type="simple" />
            <root url="jrt:///usr/lib/jvm/java-16-openjdk!/java.transaction.xa" type="simple" />
            <root url="jrt:///usr/lib/jvm/java-16-openjdk!/java.xml" type="simple" />
            <root url="jrt:///usr/lib/jvm/java-16-openjdk!/java.xml.crypto" type="simple" />
            <root url="jrt:///usr/lib/jvm/java-16-openjdk!/jdk.accessibility" type="simple" />
            <root url="jrt:///usr/lib/jvm/java-16-openjdk!/jdk.aot" type="simple" />
            <root url="jrt:///usr/lib/jvm/java-16-openjdk!/jdk.attach" type="simple" />
            <root url="jrt:///usr/lib/jvm/java-16-openjdk!/jdk.charsets" type="simple" />
            <root url="jrt:///usr/lib/jvm/java-16-openjdk!/jdk.compiler" type="simple" />
            <root url="jrt:///usr/lib/jvm/java-16-openjdk!/jdk.crypto.cryptoki" type="simple" />
            <root url="jrt:///usr/lib/jvm/java-16-openjdk!/jdk.crypto.ec" type="simple" />
            <root url="jrt:///usr/lib/jvm/java-16-openjdk!/jdk.dynalink" type="simple" />
            <root url="jrt:///usr/lib/jvm/java-16-openjdk!/jdk.editpad" type="simple" />
            <root url="jrt:///usr/lib/jvm/java-16-openjdk!/jdk.hotspot.agent" type="simple" />
            <root url="jrt:///usr/lib/jvm/java-16-openjdk!/jdk.httpserver" type="simple" />
            <root url="jrt:///usr/lib/jvm/java-16-openjdk!/jdk.incubator.foreign" type="simple" />
            <root url="jrt:///usr/lib/jvm/java-16-openjdk!/jdk.incubator.vector" type="simple" />
            <root url="jrt:///usr/lib/jvm/java-16-openjdk!/jdk.internal.ed" type="simple" />
            <root url="jrt:///usr/lib/jvm/java-16-openjdk!/jdk.internal.jvmstat" type="simple" />
            <root url="jrt:///usr/lib/jvm/java-16-openjdk!/jdk.internal.le" type="simple" />
            <root url="jrt:///usr/lib/jvm/java-16-openjdk!/jdk.internal.opt" type="simple" />
            <root url="jrt:///usr/lib/jvm/java-16-openjdk!/jdk.internal.vm.ci" type="simple" />
            <root url="jrt:///usr/lib/jvm/java-16-openjdk!/jdk.internal.vm.compiler" type="simple" />
            <root url="jrt:///usr/lib/jvm/java-16-openjdk!/jdk.internal.vm.compiler.management" type="simple" />
            <root url="jrt:///usr/lib/jvm/java-16-openjdk!/jdk.jartool" type="simple" />
            <root url="jrt:///usr/lib/jvm/java-16-openjdk!/jdk.javadoc" type="simple" />
            <root url="jrt:///usr/lib/jvm/java-16-openjdk!/jdk.jcmd" type="simple" />
            <root url="jrt:///usr/lib/jvm/java-16-openjdk!/jdk.jconsole" type="simple" />
            <root url="jrt:///usr/lib/jvm/java-16-openjdk!/jdk.jdeps" type="simple" />
            <root url="jrt:///usr/lib/jvm/java-16-openjdk!/jdk.jdi" type="simple" />
            <root url="jrt:///usr/lib/jvm/java-16-openjdk!/jdk.jdwp.agent" type="simple" />
            <root url="jrt:///usr/lib/jvm/java-16-openjdk!/jdk.jfr" type="simple" />
            <root url="jrt:///usr/lib/jvm/java-16-openjdk!/jdk.jlink" type="simple" />
            <root url="jrt:///usr/lib/jvm/java-16-openjdk!/jdk.jpackage" type="simple" />
            <root url="jrt:///usr/lib/jvm/java-16-openjdk!/jdk.jshell" type="simple" />
            <root url="jrt:///usr/lib/jvm/java-16-openjdk!/jdk.jsobject" type="simple" />
            <root url="jrt:///usr/lib/jvm/java-16-openjdk!/jdk.jstatd" type="simple" />
            <root url="jrt:///usr/lib/jvm/java-16-openjdk!/jdk.localedata" type="simple" />
            <root url="jrt:///usr/lib/jvm/java-16-openjdk!/jdk.management" type="simple" />
            <root url="jrt:///usr/lib/jvm/java-16-openjdk!/jdk.management.agent" type="simple" />
            <root url="jrt:///usr/lib/jvm/java-16-openjdk!/jdk.management.jfr" type="simple" />
            <root url="jrt:///usr/lib/jvm/java-16-openjdk!/jdk.naming.dns" type="simple" />
            <root url="jrt:///usr/lib/jvm/java-16-openjdk!/jdk.naming.rmi" type="simple" />
            <root url="jrt:///usr/lib/jvm/java-16-openjdk!/jdk.net" type="simple" />
            <root url="jrt:///usr/lib/jvm/java-16-openjdk!/jdk.nio.mapmode" type="simple" />
            <root url="jrt:///usr/lib/jvm/java-16-openjdk!/jdk.sctp" type="simple" />
            <root url="jrt:///usr/lib/jvm/java-16-openjdk!/jdk.security.auth" type="simple" />
            <root url="jrt:///usr/lib/jvm/java-16-openjdk!/jdk.security.jgss" type="simple" />
            <root url="jrt:///usr/lib/jvm/java-16-openjdk!/jdk.unsupported" type="simple" />
            <root url="jrt:///usr/lib/jvm/java-16-openjdk!/jdk.unsupported.desktop" type="simple" />
            <root url="jrt:///usr/lib/jvm/java-16-openjdk!/jdk.xml.dom" type="simple" />
            <root url="jrt:///usr/lib/jvm/java-16-openjdk!/jdk.zipfs" type="simple" />
          </root>
        </classPath>
        <javadocPath>
          <root type="composite" />
        </javadocPath>
        <sourcePath>
          <root type="composite" />
        </sourcePath>
      </roots>
      <additional />
    </jdk>
    <jdk version="2">
      <name value="Python 3.9" />
      <type value="Python SDK" />
      <version value="Python 3.9.6" />
      <homePath value="/usr/bin/python3.9" />
      <roots>
        <annotationsPath>
          <root type="composite" />
        </annotationsPath>
        <classPath>
          <root type="composite" />
        </classPath>
        <javadocPath>
          <root type="composite" />
        </javadocPath>
        <sourcePath>
          <root type="composite" />
        </sourcePath>
      </roots>
      <additional />
    </jdk>
    <jdk version="2">
      <name value="Python 3.9 (index-downloader)" />
      <type value="Python SDK" />
      <version value="Python 3.9.6" />
      <homePath value="$USER_HOME$/workspace/nxtcoder17/index-downloader/.venv/bin/python3.9" />
      <roots>
        <annotationsPath>
          <root type="composite" />
        </annotationsPath>
        <classPath>
          <root type="composite">
            <root url="file:///usr/lib/python3.9" type="simple" />
            <root url="file:///usr/lib/python3.9/lib-dynload" type="simple" />
            <root url="file://$USER_HOME$/workspace/nxtcoder17/index-downloader/.venv/lib/python3.9/site-packages" type="simple" />
            <root url="file://$USER_HOME$/.cache/JetBrains/IntelliJIdea2021.1/python_stubs/1886275288" type="simple" />
            <root url="file://$APPLICATION_PLUGINS_DIR$/python/helpers/python-skeletons" type="simple" />
            <root url="file://$APPLICATION_PLUGINS_DIR$/python/helpers/typeshed/stdlib" type="simple" />
            <root url="file://$APPLICATION_PLUGINS_DIR$/python/helpers/typeshed/stubs/jwt" type="simple" />
            <root url="file://$APPLICATION_PLUGINS_DIR$/python/helpers/typeshed/stubs/six" type="simple" />
            <root url="file://$APPLICATION_PLUGINS_DIR$/python/helpers/typeshed/stubs/mock" type="simple" />
            <root url="file://$APPLICATION_PLUGINS_DIR$/python/helpers/typeshed/stubs/nmap" type="simple" />
            <root url="file://$APPLICATION_PLUGINS_DIR$/python/helpers/typeshed/stubs/attrs" type="simple" />
            <root url="file://$APPLICATION_PLUGINS_DIR$/python/helpers/typeshed/stubs/polib" type="simple" />
            <root url="file://$APPLICATION_PLUGINS_DIR$/python/helpers/typeshed/stubs/retry" type="simple" />
            <root url="file://$APPLICATION_PLUGINS_DIR$/python/helpers/typeshed/stubs/enum34" type="simple" />
            <root url="file://$APPLICATION_PLUGINS_DIR$/python/helpers/typeshed/stubs/orjson" type="simple" />
            <root url="file://$APPLICATION_PLUGINS_DIR$/python/helpers/typeshed/stubs/xxhash" type="simple" />
            <root url="file://$APPLICATION_PLUGINS_DIR$/python/helpers/typeshed/stubs/chardet" type="simple" />
            <root url="file://$APPLICATION_PLUGINS_DIR$/python/helpers/typeshed/stubs/futures" type="simple" />
            <root url="file://$APPLICATION_PLUGINS_DIR$/python/helpers/typeshed/stubs/tzlocal" type="simple" />
            <root url="file://$APPLICATION_PLUGINS_DIR$/python/helpers/typeshed/stubs/Markdown" type="simple" />
            <root url="file://$APPLICATION_PLUGINS_DIR$/python/helpers/typeshed/stubs/Werkzeug" type="simple" />
            <root url="file://$APPLICATION_PLUGINS_DIR$/python/helpers/typeshed/stubs/aiofiles" type="simple" />
            <root url="file://$APPLICATION_PLUGINS_DIR$/python/helpers/typeshed/stubs/filelock" type="simple" />
            <root url="file://$APPLICATION_PLUGINS_DIR$/python/helpers/typeshed/stubs/paramiko" type="simple" />
            <root url="file://$APPLICATION_PLUGINS_DIR$/python/helpers/typeshed/stubs/pathlib2" type="simple" />
            <root url="file://$APPLICATION_PLUGINS_DIR$/python/helpers/typeshed/stubs/requests" type="simple" />
            <root url="file://$APPLICATION_PLUGINS_DIR$/python/helpers/typeshed/stubs/waitress" type="simple" />
            <root url="file://$APPLICATION_PLUGINS_DIR$/python/helpers/typeshed/stubs/freezegun" type="simple" />
            <root url="file://$APPLICATION_PLUGINS_DIR$/python/helpers/typeshed/stubs/ipaddress" type="simple" />
            <root url="file://$APPLICATION_PLUGINS_DIR$/python/helpers/typeshed/stubs/pyRFC3339" type="simple" />
            <root url="file://$APPLICATION_PLUGINS_DIR$/python/helpers/typeshed/stubs/typed-ast" type="simple" />
            <root url="file://$APPLICATION_PLUGINS_DIR$/python/helpers/typeshed/stubs/Deprecated" type="simple" />
            <root url="file://$APPLICATION_PLUGINS_DIR$/python/helpers/typeshed/stubs/cachetools" type="simple" />
            <root url="file://$APPLICATION_PLUGINS_DIR$/python/helpers/typeshed/stubs/frozendict" type="simple" />
            <root url="file://$APPLICATION_PLUGINS_DIR$/python/helpers/typeshed/stubs/JACK-Client" type="simple" />
            <root url="file://$APPLICATION_PLUGINS_DIR$/python/helpers/typeshed/stubs/contextvars" type="simple" />
            <root url="file://$APPLICATION_PLUGINS_DIR$/python/helpers/typeshed/stubs/atomicwrites" type="simple" />
            <root url="file://$APPLICATION_PLUGINS_DIR$/python/helpers/typeshed/stubs/cryptography" type="simple" />
            <root url="file://$APPLICATION_PLUGINS_DIR$/python/helpers/typeshed/stubs/DateTimeRange" type="simple" />
            <root url="file://$APPLICATION_PLUGINS_DIR$/python/helpers/typeshed/stubs/click-spinner" type="simple" />
            <root url="file://$APPLICATION_PLUGINS_DIR$/python/helpers/typeshed/stubs/pkg_resources" type="simple" />
            <root url="file://$APPLICATION_PLUGINS_DIR$/python/helpers/typeshed/stubs/python-gflags" type="simple" />
            <root url="file://$APPLICATION_PLUGINS_DIR$/python/helpers/typeshed/stubs/python-slugify" type="simple" />
            <root url="file://$APPLICATION_PLUGINS_DIR$/python/helpers/typeshed/stubs/python-dateutil" type="simple" />
            <root url="file://$APPLICATION_PLUGINS_DIR$/python/helpers/typeshed/stubs/typing-extensions" type="simple" />
          </root>
        </classPath>
        <javadocPath>
          <root type="composite" />
        </javadocPath>
        <sourcePath>
          <root type="composite" />
        </sourcePath>
      </roots>
      <additional />
    </jdk>
    <jdk version="2">
      <name value="16 (2)" />
      <type value="JavaSDK" />
      <version value="version 16.0.2" />
      <homePath value="/usr/lib/jvm/default" />
      <roots>
        <annotationsPath>
          <root type="composite">
            <root url="jar://$APPLICATION_HOME_DIR$/plugins/java/lib/jdkAnnotations.jar!/" type="simple" />
          </root>
        </annotationsPath>
        <classPath>
          <root type="composite">
            <root url="jrt:///usr/lib/jvm/default!/java.base" type="simple" />
            <root url="jrt:///usr/lib/jvm/default!/java.compiler" type="simple" />
            <root url="jrt:///usr/lib/jvm/default!/java.datatransfer" type="simple" />
            <root url="jrt:///usr/lib/jvm/default!/java.desktop" type="simple" />
            <root url="jrt:///usr/lib/jvm/default!/java.instrument" type="simple" />
            <root url="jrt:///usr/lib/jvm/default!/java.logging" type="simple" />
            <root url="jrt:///usr/lib/jvm/default!/java.management" type="simple" />
            <root url="jrt:///usr/lib/jvm/default!/java.management.rmi" type="simple" />
            <root url="jrt:///usr/lib/jvm/default!/java.naming" type="simple" />
            <root url="jrt:///usr/lib/jvm/default!/java.net.http" type="simple" />
            <root url="jrt:///usr/lib/jvm/default!/java.prefs" type="simple" />
            <root url="jrt:///usr/lib/jvm/default!/java.rmi" type="simple" />
            <root url="jrt:///usr/lib/jvm/default!/java.scripting" type="simple" />
            <root url="jrt:///usr/lib/jvm/default!/java.se" type="simple" />
            <root url="jrt:///usr/lib/jvm/default!/java.security.jgss" type="simple" />
            <root url="jrt:///usr/lib/jvm/default!/java.security.sasl" type="simple" />
            <root url="jrt:///usr/lib/jvm/default!/java.smartcardio" type="simple" />
            <root url="jrt:///usr/lib/jvm/default!/java.sql" type="simple" />
            <root url="jrt:///usr/lib/jvm/default!/java.sql.rowset" type="simple" />
            <root url="jrt:///usr/lib/jvm/default!/java.transaction.xa" type="simple" />
            <root url="jrt:///usr/lib/jvm/default!/java.xml" type="simple" />
            <root url="jrt:///usr/lib/jvm/default!/java.xml.crypto" type="simple" />
            <root url="jrt:///usr/lib/jvm/default!/jdk.accessibility" type="simple" />
            <root url="jrt:///usr/lib/jvm/default!/jdk.aot" type="simple" />
            <root url="jrt:///usr/lib/jvm/default!/jdk.attach" type="simple" />
            <root url="jrt:///usr/lib/jvm/default!/jdk.charsets" type="simple" />
            <root url="jrt:///usr/lib/jvm/default!/jdk.compiler" type="simple" />
            <root url="jrt:///usr/lib/jvm/default!/jdk.crypto.cryptoki" type="simple" />
            <root url="jrt:///usr/lib/jvm/default!/jdk.crypto.ec" type="simple" />
            <root url="jrt:///usr/lib/jvm/default!/jdk.dynalink" type="simple" />
            <root url="jrt:///usr/lib/jvm/default!/jdk.editpad" type="simple" />
            <root url="jrt:///usr/lib/jvm/default!/jdk.hotspot.agent" type="simple" />
            <root url="jrt:///usr/lib/jvm/default!/jdk.httpserver" type="simple" />
            <root url="jrt:///usr/lib/jvm/default!/jdk.incubator.foreign" type="simple" />
            <root url="jrt:///usr/lib/jvm/default!/jdk.incubator.vector" type="simple" />
            <root url="jrt:///usr/lib/jvm/default!/jdk.internal.ed" type="simple" />
            <root url="jrt:///usr/lib/jvm/default!/jdk.internal.jvmstat" type="simple" />
            <root url="jrt:///usr/lib/jvm/default!/jdk.internal.le" type="simple" />
            <root url="jrt:///usr/lib/jvm/default!/jdk.internal.opt" type="simple" />
            <root url="jrt:///usr/lib/jvm/default!/jdk.internal.vm.ci" type="simple" />
            <root url="jrt:///usr/lib/jvm/default!/jdk.internal.vm.compiler" type="simple" />
            <root url="jrt:///usr/lib/jvm/default!/jdk.internal.vm.compiler.management" type="simple" />
            <root url="jrt:///usr/lib/jvm/default!/jdk.jartool" type="simple" />
            <root url="jrt:///usr/lib/jvm/default!/jdk.javadoc" type="simple" />
            <root url="jrt:///usr/lib/jvm/default!/jdk.jcmd" type="simple" />
            <root url="jrt:///usr/lib/jvm/default!/jdk.jconsole" type="simple" />
            <root url="jrt:///usr/lib/jvm/default!/jdk.jdeps" type="simple" />
            <root url="jrt:///usr/lib/jvm/default!/jdk.jdi" type="simple" />
            <root url="jrt:///usr/lib/jvm/default!/jdk.jdwp.agent" type="simple" />
            <root url="jrt:///usr/lib/jvm/default!/jdk.jfr" type="simple" />
            <root url="jrt:///usr/lib/jvm/default!/jdk.jlink" type="simple" />
            <root url="jrt:///usr/lib/jvm/default!/jdk.jpackage" type="simple" />
            <root url="jrt:///usr/lib/jvm/default!/jdk.jshell" type="simple" />
            <root url="jrt:///usr/lib/jvm/default!/jdk.jsobject" type="simple" />
            <root url="jrt:///usr/lib/jvm/default!/jdk.jstatd" type="simple" />
            <root url="jrt:///usr/lib/jvm/default!/jdk.localedata" type="simple" />
            <root url="jrt:///usr/lib/jvm/default!/jdk.management" type="simple" />
            <root url="jrt:///usr/lib/jvm/default!/jdk.management.agent" type="simple" />
            <root url="jrt:///usr/lib/jvm/default!/jdk.management.jfr" type="simple" />
            <root url="jrt:///usr/lib/jvm/default!/jdk.naming.dns" type="simple" />
            <root url="jrt:///usr/lib/jvm/default!/jdk.naming.rmi" type="simple" />
            <root url="jrt:///usr/lib/jvm/default!/jdk.net" type="simple" />
            <root url="jrt:///usr/lib/jvm/default!/jdk.nio.mapmode" type="simple" />
            <root url="jrt:///usr/lib/jvm/default!/jdk.sctp" type="simple" />
            <root url="jrt:///usr/lib/jvm/default!/jdk.security.auth" type="simple" />
            <root url="jrt:///usr/lib/jvm/default!/jdk.security.jgss" type="simple" />
            <root url="jrt:///usr/lib/jvm/default!/jdk.unsupported" type="simple" />
            <root url="jrt:///usr/lib/jvm/default!/jdk.unsupported.desktop" type="simple" />
            <root url="jrt:///usr/lib/jvm/default!/jdk.xml.dom" type="simple" />
            <root url="jrt:///usr/lib/jvm/default!/jdk.zipfs" type="simple" />
          </root>
        </classPath>
        <javadocPath>
          <root type="composite">
            <root url="https://docs.oracle.com/en/java/javase/16/docs/api/" type="simple" />
          </root>
        </javadocPath>
        <sourcePath>
          <root type="composite" />
        </sourcePath>
      </roots>
      <additional />
    </jdk>
  </component>
</application>