<application>
  <component name="TemplateSettings">
    <option name="deletedKeys">
      <list>
        <TemplateKey>
          <option name="groupName" value="Shell Script Hidden" />
          <option name="key" value="shell_if" />
        </TemplateKey>
        <TemplateKey>
          <option name="groupName" value="Shell Script Hidden" />
          <option name="key" value="shell_elif" />
        </TemplateKey>
        <TemplateKey>
          <option name="groupName" value="Shell Script Hidden" />
          <option name="key" value="shell_select" />
        </TemplateKey>
        <TemplateKey>
          <option name="groupName" value="Shell Script Hidden" />
          <option name="key" value="shell_case" />
        </TemplateKey>
        <TemplateKey>
          <option name="groupName" value="Shell Script Hidden" />
          <option name="key" value="shell_for" />
        </TemplateKey>
        <TemplateKey>
          <option name="groupName" value="Shell Script Hidden" />
          <option name="key" value="shell_while" />
        </TemplateKey>
        <TemplateKey>
          <option name="groupName" value="Shell Script Hidden" />
          <option name="key" value="shell_until" />
        </TemplateKey>
        <TemplateKey>
          <option name="groupName" value="Shell Script Hidden" />
          <option name="key" value="shell_function" />
        </TemplateKey>
        <TemplateKey>
          <option name="groupName" value="Shell Script Hidden" />
          <option name="key" value="shell_string equal" />
        </TemplateKey>
        <TemplateKey>
          <option name="groupName" value="Shell Script Hidden" />
          <option name="key" value="shell_string not equal" />
        </TemplateKey>
        <TemplateKey>
          <option name="groupName" value="Shell Script Hidden" />
          <option name="key" value="shell_string is empty" />
        </TemplateKey>
        <TemplateKey>
          <option name="groupName" value="Shell Script Hidden" />
          <option name="key" value="shell_string not empty" />
        </TemplateKey>
        <TemplateKey>
          <option name="groupName" value="Shell Script Hidden" />
          <option name="key" value="shell_number equal" />
        </TemplateKey>
        <TemplateKey>
          <option name="groupName" value="Shell Script Hidden" />
          <option name="key" value="shell_number not equal" />
        </TemplateKey>
        <TemplateKey>
          <option name="groupName" value="Shell Script Hidden" />
          <option name="key" value="shell_number less" />
        </TemplateKey>
        <TemplateKey>
          <option name="groupName" value="Shell Script Hidden" />
          <option name="key" value="shell_number less or equal" />
        </TemplateKey>
        <TemplateKey>
          <option name="groupName" value="Shell Script Hidden" />
          <option name="key" value="shell_number greater" />
        </TemplateKey>
        <TemplateKey>
          <option name="groupName" value="Shell Script Hidden" />
          <option name="key" value="shell_number greater or equal" />
        </TemplateKey>
        <TemplateKey>
          <option name="groupName" value="Shell Script Hidden" />
          <option name="key" value="shell_file exists" />
        </TemplateKey>
        <TemplateKey>
          <option name="groupName" value="Shell Script Hidden" />
          <option name="key" value="shell_file not empty" />
        </TemplateKey>
        <TemplateKey>
          <option name="groupName" value="Shell Script Hidden" />
          <option name="key" value="shell_file readable" />
        </TemplateKey>
        <TemplateKey>
          <option name="groupName" value="Shell Script Hidden" />
          <option name="key" value="shell_file writable" />
        </TemplateKey>
        <TemplateKey>
          <option name="groupName" value="Shell Script Hidden" />
          <option name="key" value="shell_file executable" />
        </TemplateKey>
        <TemplateKey>
          <option name="groupName" value="Shell Script Hidden" />
          <option name="key" value="shell_file equals" />
        </TemplateKey>
        <TemplateKey>
          <option name="groupName" value="Shell Script Hidden" />
          <option name="key" value="shell_file newer" />
        </TemplateKey>
        <TemplateKey>
          <option name="groupName" value="Shell Script Hidden" />
          <option name="key" value="shell_file older" />
        </TemplateKey>
        <TemplateKey>
          <option name="groupName" value="Shell Script Hidden" />
          <option name="key" value="shell_path exists" />
        </TemplateKey>
        <TemplateKey>
          <option name="groupName" value="Shell Script Hidden" />
          <option name="key" value="shell_directory exists" />
        </TemplateKey>
        <TemplateKey>
          <option name="groupName" value="Shell Script Hidden" />
          <option name="key" value="shell_command exists" />
        </TemplateKey>
        <TemplateKey>
          <option name="groupName" value="JavaScript Testing" />
          <option name="key" value="descr" />
        </TemplateKey>
        <TemplateKey>
          <option name="groupName" value="VgoHiddenTemplate" />
          <option name="key" value="vgo_lang_require" />
        </TemplateKey>
        <TemplateKey>
          <option name="groupName" value="VgoHiddenTemplate" />
          <option name="key" value="vgo_lang_replace" />
        </TemplateKey>
        <TemplateKey>
          <option name="groupName" value="VgoHiddenTemplate" />
          <option name="key" value="vgo_lang_exclude" />
        </TemplateKey>
        <TemplateKey>
          <option name="groupName" value="GoHiddenTemplate" />
          <option name="key" value="go_lang_package" />
        </TemplateKey>
        <TemplateKey>
          <option name="groupName" value="GoHiddenTemplate" />
          <option name="key" value="go_lang_import" />
        </TemplateKey>
        <TemplateKey>
          <option name="groupName" value="GoHiddenTemplate" />
          <option name="key" value="go_lang_import_with_parens" />
        </TemplateKey>
        <TemplateKey>
          <option name="groupName" value="GoHiddenTemplate" />
          <option name="key" value="go_lang_break" />
        </TemplateKey>
        <TemplateKey>
          <option name="groupName" value="GoHiddenTemplate" />
          <option name="key" value="go_lang_continue" />
        </TemplateKey>
        <TemplateKey>
          <option name="groupName" value="GoHiddenTemplate" />
          <option name="key" value="go_lang_const" />
        </TemplateKey>
        <TemplateKey>
          <option name="groupName" value="GoHiddenTemplate" />
          <option name="key" value="go_lang_for" />
        </TemplateKey>
        <TemplateKey>
          <option name="groupName" value="GoHiddenTemplate" />
          <option name="key" value="go_lang_if" />
        </TemplateKey>
        <TemplateKey>
          <option name="groupName" value="GoHiddenTemplate" />
          <option name="key" value="go_lang_switch" />
        </TemplateKey>
        <TemplateKey>
          <option name="groupName" value="GoHiddenTemplate" />
          <option name="key" value="go_lang_case" />
        </TemplateKey>
        <TemplateKey>
          <option name="groupName" value="GoHiddenTemplate" />
          <option name="key" value="go_lang_default" />
        </TemplateKey>
        <TemplateKey>
          <option name="groupName" value="GoHiddenTemplate" />
          <option name="key" value="go_lang_func" />
        </TemplateKey>
        <TemplateKey>
          <option name="groupName" value="GoHiddenTemplate" />
          <option name="key" value="go_lang_anonymous_func" />
        </TemplateKey>
        <TemplateKey>
          <option name="groupName" value="GoHiddenTemplate" />
          <option name="key" value="go_lang_anonymous_func_call" />
        </TemplateKey>
        <TemplateKey>
          <option name="groupName" value="GoHiddenTemplate" />
          <option name="key" value="go_lang_anonymous_struct" />
        </TemplateKey>
        <TemplateKey>
          <option name="groupName" value="GoHiddenTemplate" />
          <option name="key" value="go_lang_anonymous_map" />
        </TemplateKey>
        <TemplateKey>
          <option name="groupName" value="GoHiddenTemplate" />
          <option name="key" value="go_lang_anonymous_slice" />
        </TemplateKey>
        <TemplateKey>
          <option name="groupName" value="GoHiddenTemplate" />
          <option name="key" value="go_lang_anonymous_array" />
        </TemplateKey>
        <TemplateKey>
          <option name="groupName" value="GoHiddenTemplate" />
          <option name="key" value="go_lang_var" />
        </TemplateKey>
        <TemplateKey>
          <option name="groupName" value="GoHiddenTemplate" />
          <option name="key" value="go_lang_type" />
        </TemplateKey>
        <TemplateKey>
          <option name="groupName" value="GoHiddenTemplate" />
          <option name="key" value="type_qf" />
        </TemplateKey>
        <TemplateKey>
          <option name="groupName" value="GoHiddenTemplate" />
          <option name="key" value="struct_type_qf" />
        </TemplateKey>
        <TemplateKey>
          <option name="groupName" value="GoHiddenTemplate" />
          <option name="key" value="go_lang_var_qf" />
        </TemplateKey>
        <TemplateKey>
          <option name="groupName" value="GoHiddenTemplate" />
          <option name="key" value="global_var_qf" />
        </TemplateKey>
        <TemplateKey>
          <option name="groupName" value="GoHiddenTemplate" />
          <option name="key" value="global_const_qf" />
        </TemplateKey>
        <TemplateKey>
          <option name="groupName" value="GoHiddenTemplate" />
          <option name="key" value="add_return" />
        </TemplateKey>
        <TemplateKey>
          <option name="groupName" value="GoHiddenTemplate" />
          <option name="key" value="introduce_field" />
        </TemplateKey>
        <TemplateKey>
          <option name="groupName" value="GoHiddenTemplate" />
          <option name="key" value="template_type_hint_comment" />
        </TemplateKey>
        <TemplateKey>
          <option name="groupName" value="GoHiddenTemplate" />
          <option name="key" value="go_lang_meth" />
        </TemplateKey>
        <TemplateKey>
          <option name="groupName" value="GoHiddenTemplate" />
          <option name="key" value="test" />
        </TemplateKey>
        <TemplateKey>
          <option name="groupName" value="GoHiddenTemplate" />
          <option name="key" value="bench" />
        </TemplateKey>
        <TemplateKey>
          <option name="groupName" value="GoHiddenTemplate" />
          <option name="key" value="forbN" />
        </TemplateKey>
      </list>
    </option>
  </component>
</application>