<list display="IDE actions">
  <action id="GotoSymbol" />
  <action id="GotoAction" />
  <action id="ViewMainMenu" />
  <action id="GitShowDiffWithBranchAction" />
  <action id="ChangeTemplateDataLanguage" />
  <action id="Tool_External Tools_graph-cli" />
  <action id="Javascript.Linters.EsLint.Fix" />
  <action id="ExportSettings" />
  <action id="ShowProjectStructureSettings" />
  <action id="WelcomeScreen.ManageLicense" />
  <action id="Git.Stage.Compare.Staged.Local" />
  <action id="EditorToggleUseSoftWraps" />
</list>