<list display="nxtcoder17" description="my quicklist">
  <action id="RunAnything" />
  <action id="ChooseRunConfiguration" />
  <action id="ChooseDebugConfiguration" />
  <action id="QuickList.$Separator$" />
  <action id="Debugger.EvaluateInConsole" />
  <action id="ReformatCode" />
  <action id="QuickList.$Separator$" />
  <action id="ToggleLineBreakpoint" />
  <action id="Resume" />
  <action id="XDebugger.AttachToProcess" />
  <action id="StepOver" />
  <action id="QuickList.$Separator$" />
  <action id="Debugger.RemoveAllBreakpointsInFile" />
  <action id="Debugger.RemoveAllBreakpoints" />
  <action id="ActivateTerminalToolWindow" />
  <action id="HideAllWindows" />
  <action id="HideActiveWindow" />
  <action id="QuickList.$Separator$" />
  <action id="ReverteOverrideFileTypeAction" />
  <action id="OverrideFileTypeAction" />
  <action id="QuickList.$Separator$" />
  <action id="copilot.enableCopilot" />
  <action id="copilot.disableCopilot" />
  <action id="ImportModule" />
  <action id="ActivateStructureToolWindow" />
  <action id="CollapseAllRegions" />
</list>