<code_scheme name="Default" version="173">
  <option name="OTHER_INDENT_OPTIONS">
    <value>
      <option name="INDENT_SIZE" value="2" />
      <option name="TAB_SIZE" value="2" />
    </value>
  </option>
  <option name="LINE_SEPARATOR" value="&#10;" />
  <option name="RIGHT_MARGIN" value="0" />
  <option name="WRAP_WHEN_TYPING_REACHES_RIGHT_MARGIN" value="true" />
  <option name="ENABLE_SECOND_REFORMAT" value="true" />
  <option name="SOFT_MARGINS" value="120" />
  <option name="DO_NOT_FORMAT">
    <list>
      <fileSet type="globPattern" pattern="*.sh" />
    </list>
  </option>
  <GoCodeStyleSettings>
    <option name="ADD_PARENTHESES_FOR_SINGLE_IMPORT" value="true" />
    <option name="ADD_LEADING_SPACE_TO_COMMENTS" value="true" />
    <option name="MOVE_ALL_STDLIB_IMPORTS_IN_ONE_GROUP" value="true" />
    <option name="GROUP_STDLIB_IMPORTS" value="true" />
    <option name="LOCAL_PACKAGE_PREFIXES" />
  </GoCodeStyleSettings>
  <JSON>
    <option name="ARRAY_WRAPPING" value="1" />
  </JSON>
  <JetCodeStyleSettings>
    <option name="CODE_STYLE_DEFAULTS" value="KOTLIN_OFFICIAL" />
  </JetCodeStyleSettings>
  <Shell_Script>
    <option name="BINARY_OPS_START_LINE" value="true" />
    <option name="SWITCH_CASES_INDENTED" value="true" />
    <option name="REDIRECT_FOLLOWED_BY_SPACE" value="true" />
    <option name="KEEP_COLUMN_ALIGNMENT_PADDING" value="true" />
    <option name="MINIFY_PROGRAM" value="true" />
  </Shell_Script>
  <codeStyleSettings language="CPT">
    <indentOptions>
      <option name="INDENT_SIZE" value="2" />
      <option name="CONTINUATION_INDENT_SIZE" value="4" />
      <option name="TAB_SIZE" value="2" />
    </indentOptions>
  </codeStyleSettings>
  <codeStyleSettings language="GraphQL">
    <indentOptions>
      <option name="INDENT_SIZE" value="2" />
      <option name="TAB_SIZE" value="2" />
    </indentOptions>
  </codeStyleSettings>
  <codeStyleSettings language="JSON">
    <option name="RIGHT_MARGIN" value="200" />
  </codeStyleSettings>
  <codeStyleSettings language="JavaScript">
    <indentOptions>
      <option name="INDENT_SIZE" value="2" />
      <option name="CONTINUATION_INDENT_SIZE" value="2" />
      <option name="TAB_SIZE" value="2" />
    </indentOptions>
  </codeStyleSettings>
  <codeStyleSettings language="go">
    <option name="RIGHT_MARGIN" value="140" />
    <option name="CALL_PARAMETERS_WRAP" value="5" />
    <indentOptions>
      <option name="INDENT_SIZE" value="2" />
      <option name="CONTINUATION_INDENT_SIZE" value="2" />
      <option name="TAB_SIZE" value="2" />
    </indentOptions>
  </codeStyleSettings>
  <codeStyleSettings language="kotlin">
    <option name="CODE_STYLE_DEFAULTS" value="KOTLIN_OFFICIAL" />
  </codeStyleSettings>
  <codeStyleSettings language="yaml">
    <option name="KEEP_LINE_BREAKS" value="false" />
    <option name="SOFT_MARGINS" value="300" />
    <indentOptions>
      <option name="KEEP_INDENTS_ON_EMPTY_LINES" value="true" />
    </indentOptions>
  </codeStyleSettings>
</code_scheme>