<code_scheme name="Default" version="173">
  <option name="OTHER_INDENT_OPTIONS">
    <value>
      <option name="INDENT_SIZE" value="2" />
      <option name="TAB_SIZE" value="2" />
    </value>
  </option>
  <option name="WRAP_WHEN_TYPING_REACHES_RIGHT_MARGIN" value="true" />
  <option name="ENABLE_SECOND_REFORMAT" value="true" />
  <option name="DO_NOT_FORMAT">
    <list>
      <fileSet type="globPattern" pattern="*.sh" />
    </list>
  </option>
  <GoCodeStyleSettings>
    <option name="ADD_LEADING_SPACE_TO_COMMENTS" value="true" />
  </GoCodeStyleSettings>
  <Shell_Script>
    <option name="SWITCH_CASES_INDENTED" value="true" />
    <option name="REDIRECT_FOLLOWED_BY_SPACE" value="true" />
    <option name="KEEP_COLUMN_ALIGNMENT_PADDING" value="true" />
    <option name="MINIFY_PROGRAM" value="true" />
  </Shell_Script>
  <codeStyleSettings language="CPT">
    <indentOptions>
      <option name="INDENT_SIZE" value="2" />
      <option name="CONTINUATION_INDENT_SIZE" value="4" />
      <option name="TAB_SIZE" value="2" />
    </indentOptions>
  </codeStyleSettings>
  <codeStyleSettings language="GraphQL">
    <indentOptions>
      <option name="INDENT_SIZE" value="2" />
      <option name="TAB_SIZE" value="2" />
    </indentOptions>
  </codeStyleSettings>
  <codeStyleSettings language="JavaScript">
    <indentOptions>
      <option name="INDENT_SIZE" value="2" />
      <option name="CONTINUATION_INDENT_SIZE" value="2" />
      <option name="TAB_SIZE" value="2" />
    </indentOptions>
  </codeStyleSettings>
  <codeStyleSettings language="go">
    <option name="CALL_PARAMETERS_WRAP" value="5" />
    <indentOptions>
      <option name="INDENT_SIZE" value="2" />
      <option name="CONTINUATION_INDENT_SIZE" value="2" />
      <option name="TAB_SIZE" value="2" />
    </indentOptions>
  </codeStyleSettings>
  <codeStyleSettings language="yaml">
    <option name="KEEP_LINE_BREAKS" value="false" />
  </codeStyleSettings>
</code_scheme>