<keymap version="1" name="XWin copy" parent="Default for XWin">
  <action id="CheckinProject" />
  <action id="GoFmtFileAction">
    <keyboard-shortcut first-keystroke="ctrl semicolon" />
  </action>
  <action id="Images.Editor.ToggleGrid" />
  <action id="Javascript.Linters.EsLint.Fix">
    <keyboard-shortcut first-keystroke="ctrl quote" />
  </action>
  <action id="NewElementInMenuGroup">
    <keyboard-shortcut first-keystroke="alt f" />
  </action>
  <action id="ToggleDistractionFreeMode">
    <keyboard-shortcut first-keystroke="ctrl back_slash" />
  </action>
</keymap>